clip,box,T,grasp,lift_start,release,bucket,carry_disp,straightness_deg,release_z,release_z_center,fit_max,fit_p95,root_speed,switches_l,switches_r,stance_dist,stance_angle_deg,prelude,ending,lift_episodes,below_frames,below_frames_all,release_complete,score,reject,rest_z
sub10_largebox_000.pt,largebox,,,,,,,,,,,,,,,,,,,,,,,,no_lift,
sub10_largebox_001.pt,largebox,,,,,,,,,,,,,,,,,,,,,,,,no_lift,
sub10_largebox_002.pt,largebox,,,,,,,,,,,,,,,,,,,,,,,,no_lift,
sub10_largebox_003.pt,largebox,,,,,,,,,,,,,,,,,,,,,,,,no_lift,
sub10_largebox_004.pt,largebox,,,,,,,,,,,,,,,,,,,,,,,,no_lift,
sub10_largebox_005.pt,largebox,,,,,,,,,,,,,,,,,,,,,,,,no_lift,
sub10_largebox_006.pt,largebox,,,,,,,,,,,,,,,,,,,,,,,,no_lift,
sub10_largebox_007.pt,largebox,,,,,,,,,,,,,,,,,,,,,,,,no_lift,
sub10_largebox_010.pt,largebox,,,,,,,,,,,,,,,,,,,,,,,,no_lift,
sub10_largebox_014.pt,largebox,,,,,,,,,,,,,,,,,,,,,,,,grasp_airborne,
sub10_largebox_022.pt,largebox,,,,,,,,,,,,,,,,,,,,,,,,grasp_airborne,
sub10_largebox_024.pt,largebox,,,,,,,,,,,,,,,,,,,,,,,,grasp_airborne,
sub10_largebox_026.pt,largebox,,,,,,,,,,,,,,,,,,,,,,,,grasp_airborne,
sub10_largebox_031.pt,largebox,,,,,,,,,,,,,,,,,,,,,,,,grasp_airborne,
sub10_largebox_032.pt,largebox,137,0,36,100,low,0.063,0.0,0.1538,0.1586,0.299,0.2523,0.0536,0,0,0.4015,83.1429,0.0,0.1444,1,15,30,True,,carry_disp,0.1536
sub10_largebox_033.pt,largebox,126,3,28,109,low,0.0421,0.0,0.1535,0.1583,0.8374,0.7192,0.1176,0,0,0.3478,143.8744,0.0068,0.1022,1,30,42,True,,carry_disp,0.1534
sub10_largebox_034.pt,largebox,,,,,,,,,,,,,,,,,,,,,,,,no_lift,
sub10_largebox_035.pt,largebox,145,7,28,118,low,0.0861,0.0,0.1522,0.157,0.3042,0.274,0.0727,0,1,0.4992,54.5248,0.0502,0.0473,1,12,24,True,,carry_disp,0.1523
sub10_largebox_036.pt,largebox,129,4,27,111,low,0.1223,0.0,0.1548,0.1596,0.319,0.2601,0.1899,1,2,0.4889,75.3596,0.0117,0.0857,1,12,25,True,,carry_disp,0.1548
sub10_largebox_037.pt,largebox,115,0,31,82,low,0.0083,0.0,0.1524,0.1572,0.3045,0.2439,0.091,0,0,0.4143,72.0501,0.0,0.1062,1,15,29,True,,carry_disp,0.1527
sub10_largebox_041.pt,largebox,117,43,62,116,high,0.765,18.1329,0.9417,0.9465,0.3001,0.2454,0.1127,0,0,0.5367,38.6529,0.1651,0.0,1,0,11,,,carry_disp,0.1573
sub10_largebox_042.pt,largebox,127,50,74,126,,0.4602,0.0,1.0386,1.0434,0.3292,0.27,0.1864,1,1,0.4913,1.089,0.2411,0.0,1,0,15,,,carry_disp,0.1589
sub10_largebox_043.pt,largebox,143,51,75,142,,0.3687,0.0,1.0144,1.0192,0.3256,0.2525,0.1493,1,1,0.456,5.1801,0.256,0.0,1,0,15,,,carry_disp,0.1521
sub10_largebox_045.pt,largebox,140,63,80,139,,0.424,0.0,1.0165,1.0213,0.2705,0.2287,0.1585,1,1,0.5148,18.3503,0.392,0.0,1,0,10,,,carry_disp,0.1588
sub10_largebox_046.pt,largebox,160,66,90,159,,0.1928,0.0,1.0236,1.0284,0.2665,0.234,0.102,0,1,0.3916,10.1854,0.4015,0.0,1,0,15,,,carry_disp,0.1571
sub10_largebox_047.pt,largebox,143,43,62,142,high,0.7656,11.8926,0.9425,0.9473,0.2696,0.2206,0.2609,2,1,0.4024,37.239,0.2701,0.0,1,0,12,,,carry_disp,0.1601
sub10_largebox_048.pt,largebox,170,57,77,169,mid,1.0835,15.27,0.5607,0.5655,0.334,0.2282,0.3408,2,2,0.3918,1.3966,0.3681,0.0,1,0,12,,0.733,,0.1579
sub10_largebox_049.pt,largebox,222,78,100,221,,1.4571,79.6007,1.0216,1.0264,0.3403,0.2166,0.3566,3,3,0.3496,13.8911,0.2521,0.0,1,0,14,,,straightness,0.1576
sub10_largebox_050.pt,largebox,174,57,81,173,high,0.8931,25.8424,0.7815,0.7863,0.3553,0.2396,0.2868,3,2,0.3752,35.6941,0.4172,0.0,1,0,16,,0.9004,,0.1532
sub10_largebox_051.pt,largebox,159,3,27,130,low,0.2259,0.0,0.1535,0.1583,0.3505,0.2533,0.0856,1,0,0.3692,63.9021,0.0058,0.0762,1,20,34,True,,carry_disp,0.1536
sub10_largebox_052.pt,largebox,152,1,22,120,low,0.4138,0.0,0.1544,0.1592,0.3126,0.2367,0.1198,1,1,0.4212,24.6131,0.0017,0.1143,1,14,25,True,,carry_disp,0.1545
sub10_largebox_053.pt,largebox,152,0,16,120,low,0.4835,54.0758,0.1585,0.1633,0.3195,0.2352,0.1392,2,1,0.4512,72.9934,0.0,0.1763,1,18,26,True,,carry_disp,0.1585
sub10_largebox_055.pt,largebox,142,7,27,110,low,0.3185,0.0,0.1557,0.1605,0.3085,0.2483,0.1264,0,1,0.4188,44.9354,0.0494,0.1112,1,12,23,True,,carry_disp,0.1558
sub10_largebox_056.pt,largebox,144,0,26,111,low,0.2492,130.7441,0.1544,0.1592,0.3261,0.265,0.154,1,1,0.4024,52.4181,0.0,0.1169,1,11,28,True,,carry_disp,0.1545
sub10_largebox_057.pt,largebox,148,0,19,116,low,0.7993,23.2156,0.1547,0.1595,0.3166,0.2329,0.1869,1,2,0.4713,72.138,0.0,0.063,1,11,19,True,,carry_disp,0.1546
sub10_largebox_058.pt,largebox,145,0,23,115,low,0.7559,116.6943,0.1513,0.1561,0.3477,0.2646,0.1973,2,1,0.4293,17.5566,0.0,0.1377,1,15,29,True,,carry_disp,0.1514
sub10_largebox_060.pt,largebox,136,0,21,108,low,0.4041,19.6082,0.1533,0.1581,0.296,0.248,0.1666,1,2,0.3956,84.4835,0.0,0.0654,1,13,25,True,,carry_disp,0.1533
sub10_largebox_071.pt,largebox,,,,,,,,,,,,,,,,,,,,,,,,no_lift,
sub10_largebox_074.pt,largebox,,,,,,,,,,,,,,,,,,,,,,,,no_lift,
sub10_largebox_075.pt,largebox,,,,,,,,,,,,,,,,,,,,,,,,no_lift,
sub10_largebox_079.pt,largebox,,,,,,,,,,,,,,,,,,,,,,,,no_lift,
sub10_largebox_080.pt,largebox,,,,,,,,,,,,,,,,,,,,,,,,no_lift,
sub10_largebox_081.pt,largebox,125,12,32,101,low,1.4263,30.0963,0.1579,0.1627,0.3151,0.2613,0.3453,2,2,0.4695,12.7784,0.0634,0.0463,1,12,23,True,,fit_p95,0.1591
sub10_largebox_082.pt,largebox,138,9,30,110,low,1.471,41.6734,0.1566,0.1614,0.3578,0.2778,0.2783,2,3,0.4441,3.8,0.0193,0.2687,1,16,29,True,,fit_p95,0.1566
sub10_largebox_083.pt,largebox,153,2,24,115,low,1.5099,62.3964,0.1662,0.171,0.352,0.2675,0.3384,3,1,0.4984,19.7242,0.0115,0.1693,1,9,23,True,,straightness,0.1662
sub10_largebox_084.pt,largebox,136,5,27,117,low,1.7419,46.9518,0.1513,0.1561,0.3501,0.2708,0.427,2,3,0.4275,4.6114,0.0433,0.0933,1,12,26,True,,straightness,0.1514
sub10_largebox_085.pt,largebox,148,10,31,122,low,1.4399,23.1518,0.1532,0.158,0.3504,0.2782,0.2825,3,3,0.4158,15.9987,0.0799,0.1723,1,13,26,True,,fit_p95,0.1517
sub10_largebox_086.pt,largebox,145,2,32,120,low,1.2245,41.5034,0.1504,0.1552,0.4831,0.3636,0.2607,2,1,0.4577,25.8747,0.0138,0.092,1,10,31,True,,fit_p95,0.1504
sub10_largebox_087.pt,largebox,170,15,37,148,low,1.7505,35.6409,0.1576,0.1624,0.3136,0.2586,0.412,2,4,0.4008,13.9401,0.1671,0.1208,1,11,25,True,,fit_p95,0.1567
sub10_largebox_088.pt,largebox,190,18,38,165,low,1.9271,60.6117,0.1542,0.159,0.3135,0.2722,0.3598,3,2,0.4184,12.0174,0.1619,0.0985,1,17,29,True,,carry_disp,0.1549
sub10_largebox_089.pt,largebox,158,0,19,131,low,1.6745,36.8854,0.1544,0.1592,0.2896,0.2598,0.3538,2,3,0.4541,40.83,0.0,0.0733,1,14,25,True,,fit_p95,0.1546
sub10_largebox_090.pt,largebox,130,0,28,108,low,1.5694,45.4631,0.1593,0.1641,0.3293,0.2863,0.2993,2,2,0.3891,11.901,0.0,0.1759,1,12,28,True,,straightness,0.1593
sub10_largebox_091.pt,largebox,,,,,,,,,,,,,,,,,,,,,,,,no_lift,
sub10_largebox_094.pt,largebox,,,,,,,,,,,,,,,,,,,,,,,,no_lift,
sub10_largebox_095.pt,largebox,,,,,,,,,,,,,,,,,,,,,,,,no_lift,
sub10_largebox_096.pt,largebox,,,,,,,,,,,,,,,,,,,,,,,,no_lift,
sub10_largebox_097.pt,largebox,,,,,,,,,,,,,,,,,,,,,,,,no_lift,
sub10_largebox_098.pt,largebox,,,,,,,,,,,,,,,,,,,,,,,,no_lift,
sub12_largebox_000.pt,largebox,,,,,,,,,,,,,,,,,,,,,,,,no_lift,
sub12_largebox_001.pt,largebox,,,,,,,,,,,,,,,,,,,,,,,,no_lift,
sub12_largebox_003.pt,largebox,,,,,,,,,,,,,,,,,,,,,,,,no_lift,
sub12_largebox_004.pt,largebox,,,,,,,,,,,,,,,,,,,,,,,,no_lift,
sub12_largebox_005.pt,largebox,,,,,,,,,,,,,,,,,,,,,,,,no_lift,
sub12_largebox_007.pt,largebox,,,,,,,,,,,,,,,,,,,,,,,,no_lift,
sub12_largebox_008.pt,largebox,,,,,,,,,,,,,,,,,,,,,,,,no_lift,
sub12_largebox_009.pt,largebox,,,,,,,,,,,,,,,,,,,,,,,,no_lift,
sub12_largebox_010.pt,largebox,,,,,,,,,,,,,,,,,,,,,,,,no_lift,
sub12_largebox_012.pt,largebox,,,,,,,,,,,,,,,,,,,,,,,,grasp_airborne,
sub12_largebox_020.pt,largebox,,,,,,,,,,,,,,,,,,,,,,,,grasp_airborne,
sub12_largebox_028.pt,largebox,250,21,54,224,low,1.2452,86.6996,0.1538,0.1586,0.3514,0.2639,0.2008,3,4,0.5085,32.3261,0.0471,0.1283,1,10,34,True,,straightness,0.1526
sub12_largebox_032.pt,largebox,211,99,133,210,mid,0.4818,0.0,0.6283,0.6331,0.3485,0.287,0.1259,1,1,0.4831,0.2232,0.5522,0.0,1,0,26,,,carry_disp,0.1527
sub12_largebox_033.pt,largebox,221,98,122,220,,0.7793,14.4678,1.0712,1.076,0.4787,0.3,0.2056,1,2,0.4584,3.1329,1.098,0.0,1,0,17,,,carry_disp,0.152
sub12_largebox_034.pt,largebox,314,142,193,313,,0.9471,79.9907,1.1493,1.1541,0.396,0.2389,0.181,3,2,0.5053,28.3655,0.7881,0.0,1,0,39,,,straightness,0.1524
sub12_largebox_035.pt,largebox,321,201,239,320,,0.4907,9.2341,1.1456,1.1504,0.3646,0.2501,0.155,1,2,0.4462,12.3593,1.0359,0.0,1,0,28,,,carry_disp,0.154
sub12_largebox_036.pt,largebox,395,163,217,394,,1.5252,238.2007,1.0511,1.0559,0.3962,0.2628,0.2476,4,3,0.3708,43.6897,0.5299,0.0,1,0,48,,,straightness,0.1524
sub12_largebox_037.pt,largebox,277,150,167,276,high,0.8537,15.4489,0.8285,0.8333,0.3767,0.249,0.2187,2,2,0.3697,29.5759,0.4266,0.0,1,0,13,,0.7777,,0.1527
sub12_largebox_038.pt,largebox,365,200,221,364,,1.2115,118.3621,0.9766,0.9814,0.3591,0.2699,0.2191,2,2,0.4365,53.0928,0.826,0.0,1,0,15,,,straightness,0.1538
sub12_largebox_039.pt,largebox,288,120,136,287,mid,1.5399,84.3516,0.3529,0.3577,0.3561,0.2576,0.2372,2,4,0.6769,7.0678,0.5542,0.0,1,0,12,,,straightness,0.1507
sub12_largebox_040.pt,largebox,246,102,120,245,high,0.9624,91.9606,0.9103,0.9151,0.3615,0.2653,0.2146,3,2,0.3691,6.0248,0.4982,0.0,1,0,12,,,straightness,0.1544
sub12_largebox_041.pt,largebox,234,43,78,211,low,1.3167,28.4001,0.1529,0.1577,0.35,0.2794,0.1858,3,2,0.4634,32.3325,0.2088,0.1053,1,13,42,True,,fit_p95,0.1525
sub12_largebox_042.pt,largebox,309,52,102,285,low,1.2246,172.054,0.1525,0.1573,0.4335,0.422,0.1882,4,4,0.4813,66.984,0.2573,0.0605,1,18,39,True,,straightness,0.1532
sub12_largebox_043.pt,largebox,330,59,95,310,low,1.8162,226.6557,0.1519,0.1567,0.3555,0.2854,0.2292,3,4,0.4684,8.3024,0.0673,0.1009,1,15,15,True,,carry_disp,0.153
sub12_largebox_044.pt,largebox,280,69,108,256,low,1.6823,81.2829,0.1536,0.1584,0.3679,0.2748,0.2742,3,3,0.422,22.7357,0.3603,0.0834,1,11,32,True,,straightness,0.153
sub12_largebox_045.pt,largebox,359,40,130,334,low,2.0641,213.1979,0.1554,0.1602,0.3861,0.2902,0.2353,4,4,0.5102,42.4501,0.0838,0.0349,1,14,92,True,,carry_disp,0.1537
sub12_largebox_046.pt,largebox,292,23,83,270,low,1.0711,268.2545,0.1531,0.1579,0.3687,0.2736,0.2341,3,4,0.4267,125.1417,0.0053,0.1428,1,10,49,True,,straightness,0.1535
sub12_largebox_047.pt,largebox,358,25,81,331,low,1.2136,225.3606,0.1519,0.1567,0.6205,0.3036,0.2304,3,5,0.5051,42.7417,0.0965,0.1305,1,9,42,True,,straightness,0.1527
sub12_largebox_048.pt,largebox,239,29,47,210,low,1.8282,224.1457,0.1567,0.1615,0.38,0.2854,0.3219,4,3,0.5141,4.2816,0.1173,0.1473,1,3,15,False,,carry_disp,0.1521
sub12_largebox_049.pt,largebox,286,25,72,274,low,1.7061,111.6481,0.1543,0.1591,0.7761,0.391,0.2057,3,4,0.4535,33.6837,0.2306,0.0401,1,20,54,,,straightness,0.1548
sub12_largebox_050.pt,largebox,305,30,83,273,low,1.8104,239.4539,0.155,0.1598,0.4021,0.3568,0.2675,4,4,0.4196,5.3102,0.0807,0.1478,1,7,27,True,,carry_disp,0.1537
sub12_largebox_061.pt,largebox,,,,,,,,,,,,,,,,,,,,,,,,no_lift,
sub12_largebox_062.pt,largebox,,,,,,,,,,,,,,,,,,,,,,,,no_lift,
sub12_largebox_063.pt,largebox,,,,,,,,,,,,,,,,,,,,,,,,no_lift,
sub12_largebox_064.pt,largebox,,,,,,,,,,,,,,,,,,,,,,,,no_lift,
sub12_largebox_065.pt,largebox,,,,,,,,,,,,,,,,,,,,,,,,no_lift,
sub12_largebox_066.pt,largebox,,,,,,,,,,,,,,,,,,,,,,,,no_lift,
sub12_largebox_067.pt,largebox,,,,,,,,,,,,,,,,,,,,,,,,no_lift,
sub12_largebox_068.pt,largebox,,,,,,,,,,,,,,,,,,,,,,,,no_lift,
sub12_largebox_069.pt,largebox,,,,,,,,,,,,,,,,,,,,,,,,no_lift,
sub12_largebox_070.pt,largebox,,,,,,,,,,,,,,,,,,,,,,,,no_lift,
sub12_largebox_071.pt,largebox,208,23,46,174,low,1.5601,48.1751,0.1536,0.1584,0.2729,0.197,0.2191,2,2,0.4829,11.2496,0.1355,0.2341,1,15,31,True,,straightness,0.1531
sub12_largebox_072.pt,largebox,371,50,136,348,low,1.8645,141.1127,0.1486,0.1534,0.4223,0.2468,0.2126,4,4,0.4182,55.0877,0.37,0.0582,1,17,91,True,,carry_disp,0.1507
sub12_largebox_073.pt,largebox,247,30,55,213,low,1.4428,59.9207,0.1555,0.1603,0.3707,0.2387,0.2702,3,3,0.4429,117.8492,0.3217,0.2107,1,7,25,True,,straightness,0.1533
sub12_largebox_074.pt,largebox,304,16,57,280,low,1.4916,182.1745,0.1515,0.1563,0.5568,0.3038,0.2493,4,4,0.4932,60.2046,0.0915,0.063,1,21,54,True,,straightness,0.1537
sub12_largebox_076.pt,largebox,221,18,57,205,low,1.866,217.0077,0.1549,0.1597,0.6288,0.4827,0.2891,3,3,0.4379,39.5049,0.1208,0.0325,1,15,44,True,,carry_disp,0.154
sub12_largebox_077.pt,largebox,239,44,65,201,low,2.0291,75.6513,0.2062,0.211,0.3873,0.2822,0.3007,2,3,0.4882,22.9934,0.5186,0.185,1,0,14,False,,carry_disp,0.1539
sub12_largebox_078.pt,largebox,268,12,86,245,low,1.8564,67.3735,0.1528,0.1576,0.4751,0.4277,0.2286,4,3,0.4851,43.6666,0.0665,0.1144,1,15,73,True,,carry_disp,0.1527
sub12_largebox_079.pt,largebox,352,24,169,324,low,2.3265,83.7701,0.1586,0.1634,0.3511,0.2543,0.1921,4,4,0.5369,5.0339,0.0869,0.1183,1,4,69,False,,carry_disp,0.1543
sub12_largebox_080.pt,largebox,318,73,115,297,low,2.5306,54.9125,0.1534,0.1582,0.3285,0.2676,0.3309,4,5,0.4605,3.25,0.2188,0.1947,1,15,46,True,,carry_disp,0.1533
sub12_largebox_081.pt,largebox,,,,,,,,,,,,,,,,,,,,,,,,no_lift,
sub12_largebox_081.pt,largebox,,,,,,,,,,,,,,,,,,,,,,,,no_lift,
sub12_largebox_082.pt,largebox,,,,,,,,,,,,,,,,,,,,,,,,no_lift,
sub12_largebox_083.pt,largebox,,,,,,,,,,,,,,,,,,,,,,,,no_lift,
sub12_largebox_084.pt,largebox,,,,,,,,,,,,,,,,,,,,,,,,no_lift,
sub12_largebox_085.pt,largebox,,,,,,,,,,,,,,,,,,,,,,,,no_lift,
sub12_largebox_086.pt,largebox,,,,,,,,,,,,,,,,,,,,,,,,no_lift,
sub12_largebox_086.pt,largebox,,,,,,,,,,,,,,,,,,,,,,,,no_lift,
sub12_largebox_087.pt,largebox,,,,,,,,,,,,,,,,,,,,,,,,no_lift,
sub12_largebox_087.pt,largebox,,,,,,,,,,,,,,,,,,,,,,,,no_lift,
sub12_largebox_088.pt,largebox,,,,,,,,,,,,,,,,,,,,,,,,no_lift,
sub12_largebox_089.pt,largebox,,,,,,,,,,,,,,,,,,,,,,,,no_lift,
sub12_largebox_089.pt,largebox,,,,,,,,,,,,,,,,,,,,,,,,no_lift,
sub12_largebox_090.pt,largebox,,,,,,,,,,,,,,,,,,,,,,,,no_lift,
sub16_largebox_002.pt,largebox,,,,,,,,,,,,,,,,,,,,,,,,no_lift,
sub16_largebox_003.pt,largebox,,,,,,,,,,,,,,,,,,,,,,,,no_lift,
sub16_largebox_004.pt,largebox,,,,,,,,,,,,,,,,,,,,,,,,no_lift,
sub16_largebox_006.pt,largebox,,,,,,,,,,,,,,,,,,,,,,,,no_lift,
sub16_largebox_007.pt,largebox,181,31,54,152,low,2.3425,87.557,0.1551,0.1599,0.3539,0.2896,0.4348,2,2,0.5156,10.2665,0.3243,0.1123,1,13,30,True,,carry_disp,0.1531
sub16_largebox_008.pt,largebox,164,25,48,138,low,2.2432,49.76,0.1504,0.1552,0.2994,0.2488,0.3729,1,1,0.5889,0.1152,0.2694,0.1199,1,10,26,True,,carry_disp,0.1524
sub16_largebox_009.pt,largebox,177,19,48,143,low,2.4025,49.5453,0.1536,0.1584,0.3313,0.2846,0.41,1,2,0.586,13.5159,0.1013,0.1462,1,7,28,True,,carry_disp,0.1515
sub16_largebox_010.pt,largebox,193,17,43,165,low,2.609,119.8352,0.1503,0.1551,0.3568,0.2802,0.4196,2,3,0.5094,25.7678,0.1137,0.1305,1,13,31,True,,carry_disp,0.1527
sub16_largebox_011.pt,largebox,214,26,46,177,low,2.0554,274.2546,0.1532,0.158,0.324,0.2487,0.3718,2,2,0.6676,91.1285,0.1573,0.1497,1,11,23,True,,carry_disp,0.1526
sub16_largebox_012.pt,largebox,202,30,76,171,low,2.3038,64.8095,0.1527,0.1575,0.3293,0.2815,0.4288,2,3,0.5934,9.6157,0.0779,0.2125,1,19,57,False,,carry_disp,0.1528
sub16_largebox_013.pt,largebox,158,17,36,122,low,0.995,73.2981,0.155,0.1598,0.3953,0.2925,0.1465,2,1,0.5838,39.859,0.0778,0.156,1,10,23,False,,straightness,0.1538
sub16_largebox_014.pt,largebox,210,13,34,179,low,0.836,122.1422,0.1533,0.1581,0.4008,0.2913,0.1455,3,2,0.5638,2.4457,0.0963,0.1312,1,13,27,True,,straightness,0.1525
sub16_largebox_015.pt,largebox,194,21,43,147,low,1.2317,86.6526,0.1491,0.1539,0.4194,0.3133,0.1681,1,2,0.6185,32.549,0.0739,0.1167,1,5,20,False,,straightness,0.1514
sub16_largebox_016.pt,largebox,202,19,39,168,low,1.2965,71.4445,0.1547,0.1595,0.3735,0.3058,0.1314,1,1,0.6417,10.3698,0.1095,0.114,1,8,20,True,,straightness,0.1529
sub16_largebox_017.pt,largebox,232,19,42,190,low,1.0405,207.3802,0.1503,0.1551,0.4388,0.281,0.1243,2,0,0.5874,27.4732,0.074,0.1264,1,7,22,False,,straightness,0.1509
sub16_largebox_018.pt,largebox,240,24,49,211,low,1.4124,217.4905,0.152,0.1568,0.4387,0.308,0.1348,2,0,0.5927,15.4708,0.1502,0.1081,1,10,26,True,,straightness,0.1516
sub16_largebox_019.pt,largebox,164,67,89,163,,0.9542,40.7092,0.9886,0.9934,0.3535,0.2844,0.146,1,1,0.5468,35.7213,0.6948,0.0,1,0,15,,,fit_p95,0.1502
sub16_largebox_020.pt,largebox,154,77,92,153,,0.5016,0.0,1.0697,1.0745,0.3462,0.2788,0.19,1,1,0.5715,16.3792,0.6279,0.0,1,0,10,,,carry_disp,0.1533
sub16_largebox_021.pt,largebox,194,99,118,193,,0.7715,2.7774,1.1054,1.1102,0.3256,0.264,0.1078,1,0,0.5659,26.0258,0.5006,0.0,1,0,12,,,carry_disp,0.1535
sub16_largebox_022.pt,largebox,164,76,101,163,,0.258,0.0,1.0624,1.0672,0.3626,0.2986,0.1053,0,1,0.566,12.196,0.1828,0.0,1,0,18,,,carry_disp,0.1502
sub16_largebox_023.pt,largebox,184,92,109,183,,0.9314,19.0939,0.9783,0.9831,0.3649,0.2786,0.3082,1,2,0.5074,12.0868,0.4923,0.0,1,0,11,,,fit_p95,0.1518
sub16_largebox_024.pt,largebox,198,98,113,197,,0.7245,31.3817,1.0177,1.0225,0.3375,0.272,0.1294,1,0,0.5248,21.8518,1.104,0.0,1,0,10,,,carry_disp,0.1518
sub16_largebox_025.pt,largebox,168,15,32,146,low,0.6677,43.6077,0.1531,0.1579,0.3717,0.3024,0.0996,1,0,0.6589,22.5005,0.112,0.156,1,13,23,False,,carry_disp,0.1517
sub16_largebox_026.pt,largebox,181,24,43,157,low,1.2403,79.1727,0.1517,0.1565,0.3803,0.2869,0.2096,1,1,0.5986,13.2678,0.0882,0.1682,1,6,18,False,,straightness,0.1518
sub16_largebox_027.pt,largebox,215,15,34,183,low,1.4574,101.7763,0.1537,0.1585,0.3818,0.2777,0.1928,0,2,0.5874,39.6718,0.0682,0.1498,1,5,17,False,,straightness,0.1514
sub16_largebox_028.pt,largebox,240,16,42,212,low,1.1085,200.966,0.1533,0.1581,0.3787,0.29,0.1244,2,0,0.5645,18.958,0.0791,0.164,1,9,28,True,,straightness,0.153
sub16_largebox_029.pt,largebox,198,17,39,168,low,1.3105,197.56,0.1646,0.1694,0.4179,0.289,0.2049,2,1,0.5614,18.7406,0.0762,0.1261,1,4,18,False,,straightness,0.1516
sub16_largebox_037.pt,largebox,,,,,,,,,,,,,,,,,,,,,,,,no_lift,
sub16_largebox_038.pt,largebox,,,,,,,,,,,,,,,,,,,,,,,,no_lift,
sub16_largebox_039.pt,largebox,,,,,,,,,,,,,,,,,,,,,,,,no_lift,
sub16_largebox_040.pt,largebox,,,,,,,,,,,,,,,,,,,,,,,,no_lift,
sub16_largebox_041.pt,largebox,,,,,,,,,,,,,,,,,,,,,,,,no_lift,
sub16_largebox_042.pt,largebox,,,,,,,,,,,,,,,,,,,,,,,,no_lift,
sub16_largebox_043.pt,largebox,141,20,41,111,low,2.1194,40.5247,0.1522,0.157,0.3887,0.3142,0.4645,1,2,0.5417,15.1987,0.1105,0.1397,1,6,19,True,,carry_disp,0.1508
sub16_largebox_044.pt,largebox,137,14,41,113,low,2.3404,121.5302,0.1538,0.1586,0.4562,0.352,0.4837,3,1,0.5608,5.597,0.0718,0.1303,1,10,28,True,,carry_disp,0.1525
sub16_largebox_046.pt,largebox,138,38,58,104,low,1.5296,92.7672,0.1541,0.1589,0.3439,0.3137,0.4772,1,1,0.5361,13.8649,0.527,0.1591,1,9,21,True,,straightness,0.1526
sub16_largebox_047.pt,largebox,141,13,32,114,low,2.339,59.993,0.1493,0.1541,0.4252,0.301,0.45,2,2,0.5456,12.7295,0.1073,0.1312,1,9,21,False,,carry_disp,0.1514
sub16_largebox_048.pt,largebox,168,17,39,135,low,1.1587,220.5627,0.1539,0.1587,0.4222,0.3105,0.3727,3,1,0.5069,161.1541,0.0338,0.117,1,7,22,True,,straightness,0.1523
sub16_largebox_050.pt,largebox,,,,,,,,,,,,,,,,,,,,,,,,no_lift,
sub16_largebox_051.pt,largebox,,,,,,,,,,,,,,,,,,,,,,,,no_lift,
sub16_largebox_052.pt,largebox,,,,,,,,,,,,,,,,,,,,,,,,no_lift,
sub16_largebox_053.pt,largebox,,,,,,,,,,,,,,,,,,,,,,,,no_lift,
sub16_largebox_054.pt,largebox,,,,,,,,,,,,,,,,,,,,,,,,no_lift,
sub3_largebox_000.pt,largebox,,,,,,,,,,,,,,,,,,,,,,,,no_lift,
sub3_largebox_001.pt,largebox,,,,,,,,,,,,,,,,,,,,,,,,no_lift,
sub3_largebox_002.pt,largebox,,,,,,,,,,,,,,,,,,,,,,,,no_lift,
sub3_largebox_003.pt,largebox,196,9,40,172,low,1.7617,68.067,0.1516,0.1564,0.3219,0.2326,0.3533,3,2,0.463,24.4223,0.0551,0.2043,1,18,41,True,,straightness,0.1516
sub3_largebox_004.pt,largebox,214,15,51,178,low,1.6819,35.2312,0.153,0.1578,0.48,0.3345,0.3516,3,2,0.472,54.4108,0.1075,0.578,1,20,46,True,,fit_p95,0.1523
sub3_largebox_005.pt,largebox,193,11,44,165,low,1.931,45.0471,0.1516,0.1564,0.3752,0.2611,0.4315,3,2,0.4706,59.6566,0.0373,0.1113,1,15,35,True,,carry_disp,0.1532
sub3_largebox_009.pt,largebox,159,23,58,137,low,0.3869,0.0,0.1528,0.1576,0.3701,0.3003,0.1229,1,1,0.505,19.3984,0.3426,0.1705,1,27,52,True,,carry_disp,0.1523
sub3_largebox_010.pt,largebox,198,14,47,171,low,0.8184,0.7069,0.1533,0.1581,0.3445,0.2903,0.224,2,2,0.4541,5.1089,0.1174,0.1493,1,23,47,True,,fit_p95,0.1534
sub3_largebox_011.pt,largebox,192,13,47,165,low,1.019,24.4328,0.1525,0.1573,0.3424,0.2867,0.1968,2,2,0.497,23.7974,0.1178,0.2285,1,20,44,True,,fit_p95,0.1525
sub3_largebox_012.pt,largebox,203,97,125,202,,0.5739,0.0,1.6276,1.6324,0.348,0.2791,0.1499,2,1,0.489,29.885,0.7923,0.0,1,0,19,,,carry_disp,0.1523
sub3_largebox_013.pt,largebox,216,101,128,215,,0.3478,0.0,1.5009,1.5057,0.3489,0.2809,0.1242,2,1,0.4156,31.7905,0.9033,0.0,1,0,19,,,carry_disp,0.1525
sub3_largebox_014.pt,largebox,253,127,153,252,,0.4215,10.4612,1.5032,1.508,0.3352,0.2762,0.1305,2,1,0.4032,33.6168,1.4914,0.0,1,0,17,,,carry_disp,0.1532
sub3_largebox_015.pt,largebox,147,10,38,124,low,0.6532,80.0935,0.1521,0.1569,0.4568,0.3625,0.193,2,1,0.4985,24.9886,0.1344,0.1797,1,16,37,True,,carry_disp,0.1506
sub3_largebox_016.pt,largebox,165,2,29,141,low,0.6204,1.4276,0.1529,0.1577,0.4831,0.3022,0.2076,2,1,0.5058,10.1293,0.0222,0.2184,1,18,37,True,,carry_disp,0.153
sub3_largebox_017.pt,largebox,204,12,53,173,low,0.4508,3.5361,0.1512,0.156,0.3883,0.2687,0.1406,1,0,0.5048,24.9593,0.0923,0.4344,1,16,49,True,,carry_disp,0.1505
sub3_largebox_018.pt,largebox,191,0,31,168,low,0.6772,108.5922,0.1515,0.1563,0.3336,0.2978,0.2244,2,2,0.4584,32.1182,0.0,0.237,1,16,32,True,,carry_disp,0.1515
sub3_largebox_023.pt,largebox,,,,,,,,,,,,,,,,,,,,,,,,no_lift,
sub3_largebox_024.pt,largebox,,,,,,,,,,,,,,,,,,,,,,,,no_lift,
sub3_largebox_028.pt,largebox,193,13,40,169,low,1.5264,71.154,0.1531,0.1579,0.3709,0.2974,0.3336,3,2,0.4292,42.3293,0.0639,0.1205,1,17,36,True,,straightness,0.1528
sub3_largebox_029.pt,largebox,218,21,52,196,low,2.0404,29.734,0.1517,0.1565,0.4697,0.3213,0.3612,3,2,0.5015,8.2226,0.2301,0.4405,1,16,39,True,,carry_disp,0.1527
sub3_largebox_030.pt,largebox,204,12,42,182,low,1.7475,26.5434,0.1529,0.1577,0.4148,0.3042,0.3556,3,2,0.469,0.1284,0.0646,0.2282,1,14,35,True,,fit_p95,0.1525
sub3_largebox_031.pt,largebox,,,,,,,,,,,,,,,,,,,,,,,,no_lift,
sub3_largebox_032.pt,largebox,,,,,,,,,,,,,,,,,,,,,,,,no_lift,
sub3_largebox_033.pt,largebox,,,,,,,,,,,,,,,,,,,,,,,,no_lift,
sub3_largebox_034.pt,largebox,214,16,58,183,low,0.6904,103.6832,0.1526,0.1574,0.5011,0.293,0.1672,2,1,0.5085,91.2903,0.05,0.2616,1,19,52,True,,carry_disp,0.1526
sub3_largebox_035.pt,largebox,193,10,38,163,low,0.4538,138.3587,0.1535,0.1583,0.4116,0.289,0.1502,1,1,0.57,4.0038,0.1059,0.2572,1,14,34,True,,carry_disp,0.1538
sub3_largebox_036.pt,largebox,178,7,36,155,low,0.7739,14.8483,0.1517,0.1565,0.3878,0.3037,0.2241,2,1,0.5944,9.0427,0.0634,0.0712,1,16,36,True,,carry_disp,0.1517
sub7_largebox_000.pt,largebox,,,,,,,,,,,,,,,,,,,,,,,,no_lift,
sub7_largebox_001.pt,largebox,,,,,,,,,,,,,,,,,,,,,,,,no_lift,
sub7_largebox_002.pt,largebox,,,,,,,,,,,,,,,,,,,,,,,,no_lift,
sub7_largebox_003.pt,largebox,,,,,,,,,,,,,,,,,,,,,,,,no_lift,
sub7_largebox_004.pt,largebox,,,,,,,,,,,,,,,,,,,,,,,,no_lift,
sub7_largebox_005.pt,largebox,,,,,,,,,,,,,,,,,,,,,,,,no_lift,
sub7_largebox_012.pt,largebox,211,15,35,176,low,0.0387,0.0,0.1512,0.156,0.3357,0.2811,0.0751,0,0,0.4256,164.6787,0.0744,0.1374,1,11,23,True,,carry_disp,0.1511
sub7_largebox_013.pt,largebox,185,18,34,156,low,0.0228,0.0,0.1521,0.1569,0.3176,0.2737,0.0836,0,0,0.4439,37.7296,0.0657,0.1682,1,11,19,True,,carry_disp,0.1526
sub7_largebox_014.pt,largebox,157,6,36,127,low,0.0036,0.0,0.1529,0.1577,0.4021,0.3208,0.0911,0,0,0.4458,74.596,0.0167,0.1541,1,14,28,True,,carry_disp,0.153
sub7_largebox_015.pt,largebox,216,14,41,171,low,0.0324,0.0,0.1508,0.1556,0.3524,0.2801,0.0808,0,0,0.433,124.2784,0.0548,0.1506,1,12,29,True,,carry_disp,0.1508
sub7_largebox_016.pt,largebox,194,15,33,144,low,0.0528,0.0,0.1556,0.1604,0.327,0.2794,0.0789,0,0,0.4689,158.9267,0.0351,0.1529,1,13,23,True,,carry_disp,0.1529
sub7_largebox_018.pt,largebox,161,56,85,160,,0.6984,1.1167,1.4997,1.5045,0.5245,0.3967,0.0934,1,0,0.4306,35.2538,0.2903,0.0,1,0,20,,,carry_disp,0.1512
sub7_largebox_019.pt,largebox,133,41,60,132,,0.7888,12.5281,1.0199,1.0247,0.284,0.2329,0.1082,0,1,0.5788,32.6838,0.1662,0.0,1,0,12,,,carry_disp,0.1523
sub7_largebox_020.pt,largebox,140,43,61,139,,0.4981,0.0,1.4732,1.478,0.3026,0.2376,0.1097,1,0,0.4386,43.5258,0.1483,0.0,1,0,10,,,carry_disp,0.1514
sub7_largebox_021.pt,largebox,155,59,76,154,,0.1702,0.0,1.17,1.1748,0.2858,0.2476,0.084,0,0,0.5045,23.7159,0.0974,0.0,1,0,10,,,carry_disp,0.1526
sub7_largebox_022.pt,largebox,151,47,64,150,,1.0458,73.8289,1.2605,1.2653,0.3052,0.2394,0.1538,1,0,0.4212,4.6447,0.1682,0.0,1,0,9,,,straightness,0.1519
sub7_largebox_023.pt,largebox,151,68,84,150,,0.7555,7.1673,1.3625,1.3673,0.2842,0.2398,0.1172,0,1,0.481,35.4113,0.0321,0.0,1,0,8,,,carry_disp,0.1526
sub7_largebox_024.pt,largebox,168,6,21,129,low,0.0378,0.0,0.1537,0.1585,0.3404,0.2696,0.0895,0,0,0.4652,125.3829,0.0148,0.1347,1,13,21,True,,carry_disp,0.1537
sub7_largebox_025.pt,largebox,215,16,33,174,low,0.0437,96.4771,0.1515,0.1563,0.3551,0.2524,0.0737,0,0,0.4972,56.0964,0.0601,0.1627,1,14,24,True,,carry_disp,0.1518
sub7_largebox_026.pt,largebox,156,5,22,122,low,0.0518,0.0,0.1512,0.156,0.3547,0.2655,0.1077,0,0,0.4528,141.6098,0.0075,0.186,1,16,26,True,,carry_disp,0.1512
sub7_largebox_027.pt,largebox,184,26,45,163,low,0.0181,0.0,0.1524,0.1572,0.3431,0.2397,0.0799,0,0,0.4596,67.4211,0.1099,0.1631,1,14,26,True,,carry_disp,0.1525
sub7_largebox_028.pt,largebox,200,15,33,180,low,0.0132,0.0,0.1514,0.1562,0.3416,0.2464,0.0726,0,0,0.4673,66.5068,0.0498,0.146,1,16,26,True,,carry_disp,0.1514
sub7_largebox_029.pt,largebox,208,9,22,157,low,0.0113,167.434,0.1514,0.1562,0.326,0.2594,0.1037,0,0,0.4614,59.7528,0.0221,0.1766,1,13,19,True,,carry_disp,0.1514
sub7_largebox_036.pt,largebox,,,,,,,,,,,,,,,,,,,,,,,,no_lift,
sub7_largebox_037.pt,largebox,,,,,,,,,,,,,,,,,,,,,,,,no_lift,
sub7_largebox_038.pt,largebox,,,,,,,,,,,,,,,,,,,,,,,,no_lift,
sub7_largebox_039.pt,largebox,,,,,,,,,,,,,,,,,,,,,,,,no_lift,
sub7_largebox_040.pt,largebox,,,,,,,,,,,,,,,,,,,,,,,,no_lift,
sub7_largebox_041.pt,largebox,,,,,,,,,,,,,,,,,,,,,,,,no_lift,
sub7_largebox_042.pt,largebox,213,40,57,176,low,1.7515,100.3636,0.1524,0.1572,0.2976,0.2364,0.38,3,3,0.4652,11.9698,0.075,0.0623,1,11,20,True,,straightness,0.1522
sub7_largebox_043.pt,largebox,224,35,55,184,low,1.8569,89.503,0.1546,0.1594,0.364,0.2785,0.3765,3,3,0.4379,23.8136,0.2848,0.1181,1,12,25,True,,carry_disp,0.1528
sub7_largebox_044.pt,largebox,213,23,38,170,low,2.0555,108.1742,0.1515,0.1563,0.3323,0.2403,0.4464,3,4,0.4708,37.7469,0.2372,0.088,1,13,20,True,,carry_disp,0.1535
sub7_largebox_045.pt,largebox,232,50,67,196,low,1.7132,42.7408,0.1513,0.1561,0.3369,0.2437,0.3754,3,3,0.5038,20.6849,0.5115,0.1758,1,12,22,True,1.4985,,0.1511
sub7_largebox_046.pt,largebox,189,24,40,161,low,2.0247,77.4636,0.1532,0.158,0.3431,0.2354,0.3474,2,3,0.4535,9.4448,0.0734,0.0762,1,13,22,True,,carry_disp,0.1515
sub7_largebox_047.pt,largebox,198,42,58,169,low,2.1217,69.2183,0.1509,0.1557,0.3178,0.2479,0.4806,3,3,0.4363,42.5282,0.5483,0.1187,1,11,20,True,,carry_disp,0.1522
sub7_largebox_048.pt,largebox,,,,,,,,,,,,,,,,,,,,,,,,no_lift,
sub7_largebox_049.pt,largebox,,,,,,,,,,,,,,,,,,,,,,,,no_lift,
sub7_largebox_050.pt,largebox,,,,,,,,,,,,,,,,,,,,,,,,no_lift,
sub7_largebox_051.pt,largebox,,,,,,,,,,,,,,,,,,,,,,,,no_lift,
sub7_largebox_052.pt,largebox,,,,,,,,,,,,,,,,,,,,,,,,no_lift,
sub7_largebox_053.pt,largebox,,,,,,,,,,,,,,,,,,,,,,,,no_lift,
sub8_largebox_000.pt,largebox,,,,,,,,,,,,,,,,,,,,,,,,no_lift,
sub8_largebox_001.pt,largebox,,,,,,,,,,,,,,,,,,,,,,,,no_lift,
sub8_largebox_002.pt,largebox,,,,,,,,,,,,,,,,,,,,,,,,no_lift,
sub8_largebox_003.pt,largebox,,,,,,,,,,,,,,,,,,,,,,,,no_lift,
sub8_largebox_004.pt,largebox,,,,,,,,,,,,,,,,,,,,,,,,no_lift,
sub8_largebox_005.pt,largebox,,,,,,,,,,,,,,,,,,,,,,,,no_lift,
sub8_largebox_006.pt,largebox,216,28,54,178,low,2.1005,193.3961,0.1529,0.1577,0.3607,0.3104,0.4331,2,2,0.479,75.032,0.1585,0.1248,1,10,30,True,,carry_disp,0.1532
sub8_largebox_018.pt,largebox,195,69,86,194,,1.7637,38.2375,1.5764,1.5812,0.3666,0.2641,0.3191,3,1,0.4914,6.1123,0.4071,0.0,1,0,11,,,fit_p95,0.1529
sub8_largebox_019.pt,largebox,219,76,96,218,,1.1287,186.5444,1.5194,1.5242,0.3487,0.2668,0.2589,2,3,0.5116,14.3278,0.5944,0.0,1,0,13,,,straightness,0.1511
sub8_largebox_020.pt,largebox,198,80,96,197,,1.0503,49.4957,1.5517,1.5565,0.3639,0.2702,0.2111,1,1,0.5115,8.6952,0.7974,0.0,1,0,10,,,straightness,0.1509
sub8_largebox_021.pt,largebox,193,85,103,192,,1.1795,47.5106,1.5649,1.5697,0.3603,0.2793,0.3225,2,2,0.5104,15.4069,0.4983,0.0,1,0,11,,,straightness,0.1522
sub8_largebox_022.pt,largebox,210,88,105,209,,1.5033,69.3542,1.5709,1.5757,0.3402,0.2686,0.4102,2,2,0.5174,25.7591,1.0407,0.0,1,0,10,,,straightness,0.1526
sub8_largebox_023.pt,largebox,218,86,103,217,,0.9702,67.8721,1.559,1.5638,0.327,0.2707,0.2577,1,3,0.4818,13.2011,0.7637,0.0,1,0,10,,,straightness,0.1513
sub8_largebox_024.pt,largebox,183,14,29,143,low,0.1692,172.2623,0.1516,0.1564,0.3646,0.3119,0.0727,0,0,0.6115,51.0694,0.0867,0.1179,1,10,19,True,,carry_disp,0.1518
sub8_largebox_025.pt,largebox,191,14,31,157,low,0.1034,265.0018,0.1512,0.156,0.3666,0.2928,0.0885,0,0,0.5439,137.7255,0.0984,0.1441,1,11,22,True,,carry_disp,0.1511
sub8_largebox_026.pt,largebox,198,9,28,162,low,0.0585,196.3656,0.1522,0.157,0.3703,0.2913,0.1474,1,1,0.4776,176.9309,0.0499,0.1389,1,11,23,True,,carry_disp,0.1521
sub8_largebox_027.pt,largebox,228,19,66,194,low,0.0071,211.4465,0.1517,0.1565,0.4077,0.3104,0.1217,1,2,0.5124,58.0943,0.1079,0.1174,1,15,55,True,,carry_disp,0.1518
sub8_largebox_028.pt,largebox,202,17,32,155,low,0.0885,286.7418,0.1514,0.1562,0.3487,0.2958,0.2357,1,2,0.4849,148.7056,0.1078,0.0581,1,11,20,True,,carry_disp,0.1512
sub8_largebox_029.pt,largebox,165,15,31,130,low,0.018,205.2522,0.1525,0.1573,0.3533,0.2992,0.1568,1,1,0.545,81.6263,0.0992,0.1509,1,12,21,True,,carry_disp,0.1524
sub8_largebox_036.pt,largebox,,,,,,,,,,,,,,,,,,,,,,,,no_lift,
sub8_largebox_037.pt,largebox,,,,,,,,,,,,,,,,,,,,,,,,no_lift,
sub8_largebox_038.pt,largebox,,,,,,,,,,,,,,,,,,,,,,,,no_lift,
sub8_largebox_039.pt,largebox,,,,,,,,,,,,,,,,,,,,,,,,no_lift,
sub8_largebox_040.pt,largebox,,,,,,,,,,,,,,,,,,,,,,,,no_lift,
sub8_largebox_041.pt,largebox,,,,,,,,,,,,,,,,,,,,,,,,no_lift,
sub8_largebox_042.pt,largebox,169,22,37,131,low,2.0539,56.1171,0.1497,0.1545,0.3826,0.3241,0.4199,1,3,0.4802,28.4232,0.1203,0.1503,1,8,17,True,,carry_disp,0.1515
sub8_largebox_043.pt,largebox,147,11,26,104,low,1.8768,88.0275,0.1545,0.1593,0.3727,0.3213,0.3949,2,2,0.4695,11.4532,0.0958,0.0893,1,13,21,True,,carry_disp,0.1518
sub8_largebox_044.pt,largebox,168,17,32,132,low,1.6526,238.1889,0.1504,0.1552,0.3625,0.3125,0.5208,3,2,0.5157,119.9984,0.1124,0.1379,1,12,21,True,,straightness,0.1525
sub8_largebox_045.pt,largebox,171,15,29,133,low,1.5814,320.8957,0.1519,0.1567,0.3709,0.3115,0.5206,3,2,0.4794,24.7636,0.1087,0.1695,1,11,20,True,,straightness,0.1522
sub8_largebox_046.pt,largebox,156,5,20,121,low,1.9042,202.2304,0.1537,0.1585,0.3856,0.3224,0.5045,3,2,0.5361,105.0418,0.0256,0.1383,1,10,19,True,,carry_disp,0.1537
sub8_largebox_047.pt,largebox,188,14,28,157,low,0.9828,284.4422,0.1503,0.1551,0.3649,0.3108,0.5409,4,3,0.4976,98.6111,0.0962,0.1623,1,9,18,True,,straightness,0.1506
sub8_largebox_048.pt,largebox,,,,,,,,,,,,,,,,,,,,,,,,no_lift,
sub8_largebox_048.pt,largebox,,,,,,,,,,,,,,,,,,,,,,,,no_lift,
sub8_largebox_049.pt,largebox,,,,,,,,,,,,,,,,,,,,,,,,no_lift,
sub8_largebox_049.pt,largebox,,,,,,,,,,,,,,,,,,,,,,,,no_lift,
sub8_largebox_050.pt,largebox,,,,,,,,,,,,,,,,,,,,,,,,no_lift,
sub8_largebox_050.pt,largebox,,,,,,,,,,,,,,,,,,,,,,,,no_lift,
sub8_largebox_051.pt,largebox,,,,,,,,,,,,,,,,,,,,,,,,no_lift,
sub8_largebox_051.pt,largebox,,,,,,,,,,,,,,,,,,,,,,,,no_lift,
sub8_largebox_052.pt,largebox,,,,,,,,,,,,,,,,,,,,,,,,no_lift,
sub8_largebox_052.pt,largebox,,,,,,,,,,,,,,,,,,,,,,,,no_lift,
sub8_largebox_053.pt,largebox,,,,,,,,,,,,,,,,,,,,,,,,no_lift,
sub12_plasticbox_000.pt,plasticbox,,,,,,,,,,,,,,,,,,,,,,,,no_lift,
sub12_plasticbox_001.pt,plasticbox,,,,,,,,,,,,,,,,,,,,,,,,no_lift,
sub12_plasticbox_002.pt,plasticbox,,,,,,,,,,,,,,,,,,,,,,,,no_lift,
sub12_plasticbox_003.pt,plasticbox,,,,,,,,,,,,,,,,,,,,,,,,no_lift,
sub12_plasticbox_005.pt,plasticbox,,,,,,,,,,,,,,,,,,,,,,,,no_lift,
sub12_plasticbox_006.pt,plasticbox,,,,,,,,,,,,,,,,,,,,,,,,no_lift,
sub12_plasticbox_007.pt,plasticbox,,,,,,,,,,,,,,,,,,,,,,,,no_lift,
sub12_plasticbox_008.pt,plasticbox,,,,,,,,,,,,,,,,,,,,,,,,no_lift,
sub12_plasticbox_009.pt,plasticbox,,,,,,,,,,,,,,,,,,,,,,,,no_lift,
sub12_plasticbox_010.pt,plasticbox,,,,,,,,,,,,,,,,,,,,,,,,no_lift,
sub12_plasticbox_013.pt,plasticbox,326,41,112,325,mid,1.1559,143.1237,0.489,0.4867,0.6381,0.3858,0.2082,5,3,0.399,72.518,0.1839,0.0,1,0,51,,,straightness,0.116
sub12_plasticbox_022.pt,plasticbox,299,29,75,269,low,2.3755,129.0378,0.1164,0.1141,0.4174,0.3282,0.2703,4,3,0.4946,24.2233,0.0652,0.1102,1,19,57,True,,carry_disp,0.1165
sub12_plasticbox_023.pt,plasticbox,430,25,126,407,low,1.5695,222.7867,0.1163,0.114,0.3756,0.3357,0.1276,4,4,0.4483,4.9425,0.1149,0.1197,1,15,106,True,,straightness,0.1155
sub12_plasticbox_024.pt,plasticbox,340,67,116,312,low,1.8924,176.8673,0.1161,0.1138,0.3969,0.3522,0.2542,5,3,0.493,63.6104,0.4039,0.1211,1,19,39,True,,carry_disp,0.1153
sub12_plasticbox_025.pt,plasticbox,380,41,73,349,low,1.6284,354.6286,0.1118,0.1095,0.3904,0.2901,0.22,4,3,0.4611,35.5422,0.3993,0.0901,1,29,50,True,,straightness,0.1136
sub12_plasticbox_026.pt,plasticbox,255,31,60,220,low,2.2778,214.528,0.1167,0.1144,0.909,0.8981,0.3065,3,3,0.5822,26.8565,0.1932,0.1385,1,6,24,True,,carry_disp,0.1157
sub12_plasticbox_027.pt,plasticbox,228,10,38,207,low,2.3384,128.1379,0.1168,0.1145,0.9432,0.918,0.2816,4,3,0.5159,4.5176,0.0344,0.0648,1,11,23,True,,carry_disp,0.1165
sub12_plasticbox_028.pt,plasticbox,382,33,145,345,low,1.8366,123.8065,0.1132,0.1109,0.3791,0.3452,0.1606,5,3,0.5265,20.3117,0.259,0.2307,1,17,102,True,,carry_disp,0.1129
sub12_plasticbox_029.pt,plasticbox,280,11,67,256,low,1.1486,685.0767,0.1297,0.1274,0.9182,0.8824,0.2763,5,5,0.5547,42.2182,0.0325,0.1225,1,4,17,False,,straightness,0.1164
sub12_plasticbox_030.pt,plasticbox,321,2,92,293,low,1.7493,475.1455,0.1183,0.116,0.9638,0.9266,0.2081,5,4,0.6857,50.0601,0.0067,0.255,1,8,54,False,,straightness,0.1147
sub12_plasticbox_031.pt,plasticbox,261,106,122,260,mid,1.7798,40.2101,0.5896,0.5873,0.4475,0.4014,0.3814,3,3,0.2881,9.1608,0.7721,0.0,1,0,10,,,fit_p95,0.1139
sub12_plasticbox_032.pt,plasticbox,348,169,223,347,,0.9598,33.4631,1.0087,1.0064,0.3673,0.3212,0.1859,2,1,0.4781,2.4389,1.1671,0.0,1,0,40,,,fit_p95,0.1168
sub12_plasticbox_033.pt,plasticbox,259,144,169,258,high,0.7333,39.473,0.8832,0.8809,0.3507,0.3053,0.155,2,1,0.4702,14.3716,0.8863,0.0,1,0,17,,,carry_disp,0.114
sub12_plasticbox_034.pt,plasticbox,315,108,197,314,high,0.6366,2.7693,0.9134,0.9111,0.3949,0.3268,0.1111,2,1,0.5166,2.9385,0.463,0.0,1,0,65,,,carry_disp,0.1123
sub12_plasticbox_035.pt,plasticbox,406,273,317,405,,0.8196,25.9828,0.9561,0.9538,0.376,0.2948,0.1948,2,1,0.4412,21.2939,0.3606,0.0,1,0,33,,,fit_p95,0.1115
sub12_plasticbox_036.pt,plasticbox,360,227,254,359,high,0.6676,25.3301,0.8045,0.8022,0.3325,0.2979,0.1435,3,1,0.4274,10.981,0.984,0.0,1,0,18,,,carry_disp,0.1145
sub12_plasticbox_037.pt,plasticbox,435,236,271,434,,1.1798,116.0726,1.6258,1.6235,0.3749,0.3163,0.2027,3,3,0.435,0.7985,0.9369,0.0,1,0,16,,,straightness,0.1118
sub12_plasticbox_038.pt,plasticbox,414,199,279,413,,0.7731,131.3545,1.0709,1.0686,0.3508,0.2714,0.1222,2,1,0.4347,5.7957,0.3929,0.0,1,0,66,,,carry_disp,0.1151
sub12_plasticbox_039.pt,plasticbox,331,211,230,330,mid,0.9492,20.2674,0.6026,0.6003,0.363,0.3199,0.2387,1,2,0.401,4.1882,0.7839,0.0,1,0,13,,,fit_p95,0.1152
sub12_plasticbox_040.pt,plasticbox,356,220,256,355,high,0.6707,11.3181,0.7526,0.7503,0.3197,0.2925,0.1879,3,2,0.3071,22.2394,1.4479,0.0,1,0,25,,,carry_disp,0.117
sub12_plasticbox_041.pt,plasticbox,,,,,,,,,,,,,,,,,,,,,,,,no_lift,
sub12_plasticbox_042.pt,plasticbox,,,,,,,,,,,,,,,,,,,,,,,,no_lift,
sub12_plasticbox_043.pt,plasticbox,,,,,,,,,,,,,,,,,,,,,,,,no_lift,
sub12_plasticbox_044.pt,plasticbox,,,,,,,,,,,,,,,,,,,,,,,,no_lift,
sub12_plasticbox_047.pt,plasticbox,,,,,,,,,,,,,,,,,,,,,,,,no_lift,
sub12_plasticbox_048.pt,plasticbox,,,,,,,,,,,,,,,,,,,,,,,,no_lift,
sub12_plasticbox_050.pt,plasticbox,186,0,46,164,low,1.1941,35.0475,0.1172,0.1149,0.6607,0.44,0.2065,2,3,0.4606,0.7243,0.0,0.071,1,17,55,True,,fit_p95,0.1172
sub12_plasticbox_051.pt,plasticbox,225,31,61,200,low,1.6713,44.0538,0.1192,0.1169,0.342,0.2447,0.2816,3,3,0.468,9.6936,0.2686,0.1248,1,13,33,True,1.5665,,0.1184
sub12_plasticbox_052.pt,plasticbox,186,18,49,162,low,0.9975,32.282,0.1117,0.1094,0.4239,0.323,0.237,3,2,0.4532,168.5787,0.1458,0.1701,1,15,37,True,,fit_p95,0.1127
sub12_plasticbox_053.pt,plasticbox,209,13,44,191,low,1.6253,67.1108,0.1141,0.1118,0.3724,0.3055,0.2844,4,5,0.5271,4.2389,0.0683,0.0425,1,16,36,True,,straightness,0.115
sub12_plasticbox_054.pt,plasticbox,241,36,82,216,low,2.0106,37.7965,0.1128,0.1105,0.3984,0.3321,0.2855,3,3,0.4518,20.4893,0.3441,0.1155,1,16,48,True,,carry_disp,0.113
sub12_plasticbox_055.pt,plasticbox,176,0,12,148,low,1.2453,163.3769,0.1086,0.1063,0.3517,0.3239,0.2836,2,3,0.5642,46.1598,0.0,0.1488,1,26,29,True,,straightness,0.1086
sub12_plasticbox_056.pt,plasticbox,184,0,30,155,low,0.82,209.497,0.1147,0.1124,0.4687,0.3659,0.3025,3,3,0.4897,53.874,0.0,0.2456,1,8,29,True,,straightness,0.1148
sub12_plasticbox_057.pt,plasticbox,207,10,31,177,low,2.3587,45.8744,0.1123,0.11,0.4044,0.3253,0.4322,4,4,0.4592,54.0233,0.0888,0.1733,1,8,22,True,,carry_disp,0.1132
sub12_plasticbox_058.pt,plasticbox,259,40,55,234,low,2.1015,154.6808,0.1146,0.1123,0.4009,0.3395,0.3587,5,4,0.5098,63.4134,0.0359,0.0551,1,14,21,True,,carry_disp,0.1146
sub12_plasticbox_059.pt,plasticbox,296,30,104,266,low,1.6419,312.781,0.1121,0.1098,0.5035,0.4668,0.2021,4,3,0.4839,57.1576,0.0213,0.2421,1,11,51,True,,straightness,0.1131
sub12_plasticbox_060.pt,plasticbox,299,42,66,270,low,1.0271,232.1178,0.1158,0.1135,0.4084,0.3348,0.2366,4,5,0.4899,141.0757,0.1274,0.1168,1,10,27,True,,straightness,0.1146
sub15_plasticbox_000.pt,plasticbox,,,,,,,,,,,,,,,,,,,,,,,,no_lift,
sub15_plasticbox_001.pt,plasticbox,,,,,,,,,,,,,,,,,,,,,,,,no_lift,
sub15_plasticbox_004.pt,plasticbox,,,,,,,,,,,,,,,,,,,,,,,,no_lift,
sub15_plasticbox_007.pt,plasticbox,,,,,,,,,,,,,,,,,,,,,,,,no_lift,
sub15_plasticbox_008.pt,plasticbox,204,0,40,203,low,1.8843,46.7264,0.1133,0.111,0.3467,0.3321,0.2804,4,4,0.3656,4.4807,0.0,0.0,1,27,56,,,carry_disp,0.1145
sub15_plasticbox_009.pt,plasticbox,133,0,12,132,low,1.8522,40.7822,0.1011,0.0988,0.3442,0.3431,0.2811,3,3,0.438,17.1479,0.0,0.0,1,39,41,,,carry_disp,0.4722
sub15_plasticbox_010.pt,plasticbox,143,0,10,142,low,1.5698,53.6813,0.0928,0.0905,0.3498,0.3432,0.2547,2,3,0.4271,9.2532,0.0,0.0,1,27,29,,,straightness,0.2391
sub15_plasticbox_011.pt,plasticbox,170,0,32,169,low,1.6638,64.8328,0.1131,0.1108,0.3445,0.3341,0.241,2,3,0.4273,7.1913,0.0,0.0,1,20,40,,,straightness,0.1132
sub15_plasticbox_012.pt,plasticbox,,,,,,,,,,,,,,,,,,,,,,,,no_lift,
sub15_plasticbox_013.pt,plasticbox,,,,,,,,,,,,,,,,,,,,,,,,grasp_airborne,
sub15_plasticbox_014.pt,plasticbox,130,0,9,129,low,0.2244,0.0,0.0962,0.0939,0.3909,0.374,0.0655,0,0,0.4423,55.9613,0.0,0.0,1,38,40,,,carry_disp,0.3172
sub15_plasticbox_015.pt,plasticbox,143,0,13,142,low,0.0947,144.0601,0.1249,0.1226,0.3548,0.3414,0.0704,0,0,0.4094,12.8672,0.0,0.0,1,45,47,,,carry_disp,0.4802
sub15_plasticbox_016.pt,plasticbox,162,0,12,161,low,0.6033,92.9492,0.2185,0.2162,0.3441,0.3396,0.1103,2,1,0.3988,18.7949,0.0,0.0,1,39,41,,,carry_disp,0.5801
sub15_plasticbox_017.pt,plasticbox,119,0,21,118,low,0.0073,63.0124,0.2957,0.2934,0.3535,0.348,0.1351,2,1,0.3561,107.6919,0.0,0.0,1,52,54,,,carry_disp,0.7476
sub15_plasticbox_018.pt,plasticbox,,,,,,,,,,,,,,,,,,,,,,,,no_lift,
sub15_plasticbox_019.pt,plasticbox,,,,,,,,,,,,,,,,,,,2,52,54,,,multi_round,
sub15_plasticbox_020.pt,plasticbox,,,,,,,,,,,,,,,,,,,,,,,,no_lift,
sub15_plasticbox_021.pt,plasticbox,127,36,53,126,,0.8647,16.5401,0.9619,0.9596,0.41,0.3467,0.3504,4,2,0.3262,7.7032,0.1755,0.0,1,0,9,,,fit_p95,0.117
sub15_plasticbox_022.pt,plasticbox,112,24,52,111,high,0.4891,0.0,0.8947,0.8924,0.7452,0.6525,0.2734,1,1,0.3493,7.9471,0.1924,0.0,1,0,21,,,carry_disp,0.1152
sub15_plasticbox_023.pt,plasticbox,120,0,57,119,,0.3729,0.0,0.9714,0.9691,0.9155,0.891,0.1764,1,1,0.4098,1.57,0.0,0.0,1,0,50,,,carry_disp,0.1121
sub15_plasticbox_024.pt,plasticbox,125,45,61,124,,0.1418,0.0,0.9845,0.9822,0.3676,0.3337,0.0966,0,0,0.4121,8.5679,0.2828,0.0,1,0,9,,,carry_disp,0.1176
sub15_plasticbox_025.pt,plasticbox,128,49,64,127,high,0.0592,0.0,0.7711,0.7688,0.3834,0.3474,0.1534,0,0,0.3148,9.1599,0.2042,0.0,1,0,9,,,carry_disp,0.1142
sub15_plasticbox_026.pt,plasticbox,116,41,57,115,high,0.1873,0.0,0.9458,0.9435,0.3735,0.3465,0.149,0,0,0.3564,11.6915,0.3174,0.0,1,0,8,,,carry_disp,0.114
sub15_plasticbox_027.pt,plasticbox,144,0,16,143,low,0.4257,7.5312,0.2104,0.2081,0.6199,0.5913,0.1321,0,0,0.38,70.4329,0.0,0.0,1,39,45,,,carry_disp,0.1434
sub15_plasticbox_028.pt,plasticbox,105,0,15,104,low,0.1705,0.0,0.0905,0.0882,0.5579,0.5413,0.0791,0,0,0.4323,48.0439,0.0,0.0,1,30,32,,,carry_disp,0.535
sub15_plasticbox_029.pt,plasticbox,131,0,13,130,low,0.2509,45.707,0.1117,0.1094,0.4243,0.3588,0.1487,1,1,0.4502,28.3857,0.0,0.0,1,18,22,,,carry_disp,0.1131
sub15_plasticbox_030.pt,plasticbox,124,0,14,123,low,0.1853,0.0,0.1058,0.1035,0.5289,0.4981,0.0616,0,0,0.4619,76.8595,0.0,0.0,1,29,33,,,carry_disp,0.1888
sub15_plasticbox_031.pt,plasticbox,119,0,10,118,low,0.3152,90.2764,0.1137,0.1114,0.3647,0.3539,0.1569,2,1,0.4363,23.1197,0.0,0.0,1,37,39,,,carry_disp,0.3902
sub15_plasticbox_032.pt,plasticbox,,,,,,,,,,,,,,,,,,,,,,,,grasp_airborne,
sub15_plasticbox_040.pt,plasticbox,,,,,,,,,,,,,,,,,,,,,,,,no_lift,
sub15_plasticbox_041.pt,plasticbox,,,,,,,,,,,,,,,,,,,,,,,,no_lift,
sub15_plasticbox_042.pt,plasticbox,,,,,,,,,,,,,,,,,,,,,,,,no_lift,
sub15_plasticbox_043.pt,plasticbox,,,,,,,,,,,,,,,,,,,,,,,,no_lift,
sub15_plasticbox_044.pt,plasticbox,,,,,,,,,,,,,,,,,,,,,,,,no_lift,
sub15_plasticbox_045.pt,plasticbox,,,,,,,,,,,,,,,,,,,,,,,,no_lift,
sub15_plasticbox_046.pt,plasticbox,,,,,,,,,,,,,,,,,,,,,,,,no_lift,
sub15_plasticbox_047.pt,plasticbox,,,,,,,,,,,,,,,,,,,,,,,,no_lift,
sub15_plasticbox_048.pt,plasticbox,,,,,,,,,,,,,,,,,,,,,,,,no_lift,
sub15_plasticbox_049.pt,plasticbox,,,,,,,,,,,,,,,,,,,,,,,,no_lift,
sub15_plasticbox_050.pt,plasticbox,,,,,,,,,,,,,,,,,,,,,,,,no_lift,
sub16_plasticbox_003.pt,plasticbox,,,,,,,,,,,,,,,,,,,,,,,,no_lift,
sub16_plasticbox_004.pt,plasticbox,,,,,,,,,,,,,,,,,,,,,,,,no_lift,
sub16_plasticbox_005.pt,plasticbox,,,,,,,,,,,,,,,,,,,,,,,,no_lift,
sub16_plasticbox_007.pt,plasticbox,150,24,63,120,low,1.5551,52.0713,0.1288,0.1265,0.4868,0.368,0.4091,1,1,0.5334,0.0148,0.2429,0.1487,1,13,46,True,,straightness,0.1299
sub16_plasticbox_008.pt,plasticbox,155,19,54,123,low,1.7625,46.6691,0.1325,0.1302,0.4072,0.3443,0.3115,1,1,0.5622,29.8168,0.1658,0.1491,1,14,44,True,,straightness,0.1329
sub16_plasticbox_009.pt,plasticbox,148,12,43,117,low,1.712,67.2781,0.1312,0.1289,0.4695,0.3822,0.4236,1,2,0.5498,73.0715,0.078,0.1361,1,13,36,True,,straightness,0.1316
sub16_plasticbox_010.pt,plasticbox,137,12,37,117,low,1.1642,239.7468,0.1321,0.1298,0.4557,0.3667,0.4145,3,1,0.529,134.8576,0.0997,0.1593,1,13,32,True,,straightness,0.1309
sub16_plasticbox_011.pt,plasticbox,148,18,42,124,low,1.2785,15.843,0.1259,0.1236,0.5078,0.3926,0.4453,1,2,0.5396,34.1922,0.1944,0.153,1,14,32,True,,fit_p95,0.1269
sub16_plasticbox_012.pt,plasticbox,176,17,41,146,low,1.4464,269.6615,0.1222,0.1199,0.9926,0.9855,0.3894,2,2,0.6391,138.8806,0.1652,0.1354,1,11,29,True,,straightness,0.1209
sub16_plasticbox_013.pt,plasticbox,191,52,70,160,low,0.7041,59.3165,0.1155,0.1132,0.3502,0.33,0.2334,2,1,0.6103,23.3166,0.2441,0.1384,1,14,26,True,,carry_disp,0.1155
sub16_plasticbox_014.pt,plasticbox,225,17,35,182,low,0.8139,336.235,0.1179,0.1156,1.059,1.0227,0.2229,3,1,0.6971,17.1087,0.1219,0.1893,1,12,23,True,,straightness,0.1186
sub16_plasticbox_015.pt,plasticbox,173,14,40,142,low,0.5002,121.5419,0.1157,0.1134,0.6646,0.4756,0.2006,2,1,0.5965,31.5038,0.0264,0.1341,1,13,32,True,,carry_disp,0.1153
sub16_plasticbox_016.pt,plasticbox,211,12,39,184,low,1.1695,42.7908,0.1155,0.1132,0.5152,0.3432,0.1221,2,1,0.6126,24.8005,0.1003,0.1603,1,14,30,True,,fit_p95,0.1151
sub16_plasticbox_017.pt,plasticbox,218,18,41,189,low,0.6311,292.0375,0.1118,0.1095,0.4198,0.3726,0.1187,0,0,0.5075,59.3236,0.0405,0.1307,1,15,30,True,,carry_disp,0.1119
sub16_plasticbox_018.pt,plasticbox,169,21,47,146,low,1.2858,116.5087,0.1115,0.1092,0.9824,0.9574,0.1737,2,0,0.6071,7.8109,0.1466,0.1047,1,11,26,True,,straightness,0.1119
sub16_plasticbox_019.pt,plasticbox,147,60,77,146,high,1.5094,15.316,0.9296,0.9273,0.3768,0.3319,0.3251,1,2,0.5324,25.4578,0.451,0.0,1,0,10,,,fit_p95,0.1127
sub16_plasticbox_020.pt,plasticbox,135,42,73,134,,0.9282,4.7204,0.9875,0.9852,0.7162,0.6313,0.1946,0,1,0.5173,27.9604,0.1115,0.0,1,0,24,,,fit_p95,0.114
sub16_plasticbox_021.pt,plasticbox,162,72,89,161,,1.0234,38.2495,0.9837,0.9814,0.374,0.2924,0.1188,1,1,0.5451,27.304,0.3166,0.0,1,0,9,,,fit_p95,0.1126
sub16_plasticbox_022.pt,plasticbox,162,69,86,161,,0.9331,63.8836,0.9779,0.9756,0.3937,0.3365,0.1657,2,0,0.5309,6.7181,0.2558,0.0,1,0,10,,,straightness,0.1183
sub16_plasticbox_023.pt,plasticbox,155,70,87,154,,0.4245,0.0,1.0144,1.0121,0.3789,0.3204,0.0939,1,0,0.5179,23.4336,0.4643,0.0,1,0,10,,,carry_disp,0.1178
sub16_plasticbox_024.pt,plasticbox,148,59,77,147,,0.8064,18.3305,0.9581,0.9558,0.3697,0.3297,0.1333,1,0,0.5345,34.6938,0.2235,0.0,1,0,10,,,fit_p95,0.1116
sub16_plasticbox_025.pt,plasticbox,151,24,41,117,low,0.0462,0.0,0.1175,0.1152,0.3898,0.3432,0.1026,0,0,0.5171,4.8092,0.0491,0.1214,1,13,24,True,,carry_disp,0.1175
sub16_plasticbox_026.pt,plasticbox,155,13,31,123,low,0.0841,0.0,0.1155,0.1132,0.3934,0.3315,0.0911,0,0,0.5062,18.8666,0.0837,0.1277,1,13,25,True,,carry_disp,0.1159
sub16_plasticbox_027.pt,plasticbox,152,9,29,118,low,0.9441,122.0701,0.1151,0.1128,0.3668,0.3173,0.1622,2,0,0.5139,15.1116,0.0599,0.1199,1,12,25,True,,straightness,0.1152
sub16_plasticbox_028.pt,plasticbox,177,23,42,154,low,1.3908,88.8256,0.112,0.1097,0.3538,0.2915,0.208,2,1,0.5549,8.0898,0.1364,0.1428,1,13,24,True,,straightness,0.1131
sub16_plasticbox_029.pt,plasticbox,192,20,48,153,low,1.6922,116.2297,0.1377,0.1354,0.9688,0.8391,0.2123,2,1,0.6554,8.7031,0.1387,0.1334,1,1,19,False,,straightness,0.1142
sub16_plasticbox_030.pt,plasticbox,182,27,51,159,low,1.446,222.0464,0.113,0.1107,0.9771,0.9646,0.1932,2,0,0.644,15.9349,0.1194,0.1241,1,13,28,True,,straightness,0.1141
sub16_plasticbox_037.pt,plasticbox,,,,,,,,,,,,,,,,,,,,,,,,no_lift,
sub16_plasticbox_038.pt,plasticbox,,,,,,,,,,,,,,,,,,,,,,,,no_lift,
sub16_plasticbox_039.pt,plasticbox,,,,,,,,,,,,,,,,,,,,,,,,no_lift,
sub16_plasticbox_040.pt,plasticbox,,,,,,,,,,,,,,,,,,,,,,,,no_lift,
sub16_plasticbox_041.pt,plasticbox,,,,,,,,,,,,,,,,,,,,,,,,no_lift,
sub16_plasticbox_043.pt,plasticbox,124,18,36,108,low,1.8583,56.5218,0.1138,0.1115,0.3943,0.3654,0.5135,2,2,0.5036,8.0135,0.1411,0.1082,1,10,20,True,,carry_disp,0.1157
sub16_plasticbox_044.pt,plasticbox,121,22,41,96,low,1.9179,67.9563,0.1144,0.1121,0.3997,0.3258,0.3968,1,2,0.595,14.9282,0.1224,0.1621,1,11,22,True,,carry_disp,0.112
sub16_plasticbox_045.pt,plasticbox,142,23,51,103,low,2.1452,52.5298,0.2363,0.234,1.109,1.0547,0.4105,2,2,0.7752,5.9234,0.2104,0.165,1,0,13,False,,carry_disp,0.117
sub16_plasticbox_046.pt,plasticbox,176,24,50,150,low,2.3397,156.0968,0.1125,0.1102,0.9407,0.9333,0.4183,3,2,0.5193,34.2318,0.2268,0.18,1,14,30,True,,carry_disp,0.1153
sub16_plasticbox_047.pt,plasticbox,170,21,42,149,low,1.0288,250.2049,0.1149,0.1126,0.4521,0.3602,0.2958,3,2,0.5578,85.6345,0.1758,0.0969,1,15,27,True,,straightness,0.1136
sub16_plasticbox_048.pt,plasticbox,180,22,51,158,low,1.6583,259.3129,0.1141,0.1118,0.6721,0.6541,0.3182,1,2,0.7089,74.0635,0.0387,0.1159,1,13,30,True,,straightness,0.1159
sub16_plasticbox_050.pt,plasticbox,,,,,,,,,,,,,,,,,,,,,,,,no_lift,
sub16_plasticbox_051.pt,plasticbox,,,,,,,,,,,,,,,,,,,,,,,,no_lift,
sub16_plasticbox_052.pt,plasticbox,,,,,,,,,,,,,,,,,,,,,,,,no_lift,
sub16_plasticbox_053.pt,plasticbox,,,,,,,,,,,,,,,,,,,,,,,,no_lift,
sub16_plasticbox_054.pt,plasticbox,,,,,,,,,,,,,,,,,,,,,,,,no_lift,
sub1_plasticbox_000.pt,plasticbox,,,,,,,,,,,,,,,,,,,,,,,,no_lift,
sub1_plasticbox_001.pt,plasticbox,,,,,,,,,,,,,,,,,,,,,,,,no_lift,
sub1_plasticbox_002.pt,plasticbox,,,,,,,,,,,,,,,,,,,,,,,,no_lift,
sub1_plasticbox_003.pt,plasticbox,,,,,,,,,,,,,,,,,,,,,,,,no_lift,
sub1_plasticbox_004.pt,plasticbox,,,,,,,,,,,,,,,,,,,,,,,,no_lift,
sub1_plasticbox_005.pt,plasticbox,,,,,,,,,,,,,,,,,,,,,,,,no_lift,
sub1_plasticbox_006.pt,plasticbox,,,,,,,,,,,,,,,,,,,,,,,,no_lift,
sub1_plasticbox_007.pt,plasticbox,,,,,,,,,,,,,,,,,,,,,,,,no_lift,
sub1_plasticbox_008.pt,plasticbox,,,,,,,,,,,,,,,,,,,,,,,,no_lift,
sub1_plasticbox_010.pt,plasticbox,203,24,52,173,low,1.9827,79.4235,0.1308,0.1285,0.4071,0.329,0.361,2,2,0.4516,30.9686,0.0545,0.0149,1,15,36,True,,carry_disp,0.1335
sub1_plasticbox_015.pt,plasticbox,180,14,41,150,low,1.8745,92.9076,0.1245,0.1222,0.417,0.346,0.3943,2,2,0.4991,31.9889,0.0894,0.1353,1,14,33,True,,carry_disp,0.124
sub1_plasticbox_017.pt,plasticbox,171,30,52,140,low,1.7136,73.2099,0.1123,0.11,0.3907,0.3003,0.2817,2,1,0.5659,16.4196,0.0425,0.13,1,13,28,True,,straightness,0.1132
sub1_plasticbox_019.pt,plasticbox,210,24,46,178,low,1.8407,168.5578,0.1188,0.1165,0.3388,0.3077,0.3894,3,3,0.4625,39.5221,0.0322,0.1148,1,14,29,True,,carry_disp,0.1195
sub1_plasticbox_020.pt,plasticbox,211,12,34,173,low,0.2049,154.9347,0.1134,0.1111,0.3731,0.3278,0.0608,0,0,0.5009,92.0551,0.0897,0.1256,1,19,33,True,,carry_disp,0.1137
sub1_plasticbox_021.pt,plasticbox,234,19,49,191,low,0.2812,513.4137,0.1167,0.1144,0.3718,0.3527,0.0865,0,1,0.447,94.0528,0.1017,0.0861,1,16,40,True,,carry_disp,0.116
sub1_plasticbox_022.pt,plasticbox,180,9,33,140,low,0.0462,139.785,0.1158,0.1135,0.4126,0.3625,0.049,0,0,0.4368,108.8899,0.0584,0.1051,1,15,32,True,,carry_disp,0.1159
sub1_plasticbox_023.pt,plasticbox,191,11,32,154,low,0.0724,176.5943,0.1166,0.1143,0.3471,0.3294,0.054,0,0,0.4463,82.3768,0.0576,0.1163,1,14,27,True,,carry_disp,0.1165
sub1_plasticbox_024.pt,plasticbox,166,12,31,128,low,0.9548,38.5961,0.1153,0.113,0.388,0.352,0.2074,2,1,0.5081,2.5619,0.079,0.2009,1,14,26,True,,fit_p95,0.1158
sub1_plasticbox_025.pt,plasticbox,147,17,43,107,low,0.458,0.0,0.1163,0.114,0.3865,0.3185,0.1722,1,1,0.4952,7.0757,0.0522,0.0862,1,15,32,True,,carry_disp,0.1165
sub1_plasticbox_026.pt,plasticbox,155,3,21,117,low,0.8584,62.9657,0.113,0.1107,0.3747,0.3313,0.1744,1,0,0.4888,2.8648,0.0052,0.0994,1,15,26,True,,straightness,0.1131
sub1_plasticbox_027.pt,plasticbox,205,6,26,165,low,0.1699,300.6924,0.1179,0.1156,0.3675,0.3346,0.0651,0,0,0.5158,55.9962,0.0185,0.1453,1,19,31,True,,carry_disp,0.1179
sub1_plasticbox_028.pt,plasticbox,130,11,27,83,low,0.4489,0.0,0.1169,0.1146,0.3726,0.3704,0.2027,1,1,0.493,6.8786,0.0665,0.0979,1,9,19,True,,carry_disp,0.1165
sub1_plasticbox_029.pt,plasticbox,170,17,37,126,low,0.4572,0.0,0.115,0.1127,0.3462,0.3308,0.1101,0,0,0.4736,36.8556,0.0902,0.0818,1,22,35,True,,carry_disp,0.115
sub1_plasticbox_030.pt,plasticbox,235,73,98,234,,1.6701,133.2752,0.9692,0.9669,0.3694,0.3439,0.3055,3,2,0.4948,37.643,0.5773,0.0,1,0,17,,,straightness,0.1139
sub1_plasticbox_031.pt,plasticbox,227,68,88,226,,2.0714,100.2475,1.1852,1.1829,0.3702,0.3334,0.4293,3,3,0.3981,1.7731,0.204,0.0,1,0,12,,,carry_disp,0.1129
sub1_plasticbox_032.pt,plasticbox,225,68,88,224,high,1.4363,86.1044,0.9034,0.9011,0.3275,0.3006,0.3118,3,2,0.4901,17.5655,0.2491,0.0,1,0,13,,,straightness,0.1126
sub1_plasticbox_033.pt,plasticbox,208,66,87,207,high,2.0185,45.0963,0.6939,0.6916,0.3522,0.2878,0.3926,2,3,0.4038,32.7949,0.1647,0.0,1,0,14,,,carry_disp,0.1128
sub1_plasticbox_034.pt,plasticbox,207,62,83,206,,2.0796,60.8368,1.1013,1.099,0.3696,0.3459,0.4435,3,4,0.4396,21.5936,0.5636,0.0,1,0,14,,,carry_disp,0.1113
sub1_plasticbox_036.pt,plasticbox,201,69,87,200,,1.9638,18.2578,1.089,1.0867,0.3521,0.3378,0.4633,3,2,0.4649,19.4213,0.3088,0.0,1,0,12,,,carry_disp,0.1121
sub1_plasticbox_037.pt,plasticbox,204,57,77,203,,1.9182,46.0706,1.1662,1.1639,0.3763,0.3422,0.4184,3,2,0.4325,4.2071,0.3321,0.0,1,0,13,,,carry_disp,0.116
sub1_plasticbox_038.pt,plasticbox,218,56,78,217,,1.8154,67.5204,1.302,1.2997,0.3944,0.336,0.4089,3,3,0.4085,21.6015,0.1676,0.0,1,0,15,,,carry_disp,0.1169
sub1_plasticbox_039.pt,plasticbox,222,65,84,221,,1.8823,76.1189,1.2027,1.2004,0.3581,0.3337,0.4183,3,4,0.4493,35.523,0.4193,0.0,1,0,12,,,carry_disp,0.1132
sub1_plasticbox_040.pt,plasticbox,164,11,32,137,low,0.2077,0.0,0.1134,0.1111,0.3941,0.3536,0.1368,0,1,0.4327,35.8789,0.0826,0.0986,1,17,30,True,,carry_disp,0.1135
sub1_plasticbox_041.pt,plasticbox,193,12,40,161,low,0.9885,41.4018,0.1164,0.1141,0.3775,0.3504,0.1765,2,2,0.4424,28.101,0.0845,0.099,1,15,37,True,,fit_p95,0.1162
sub1_plasticbox_042.pt,plasticbox,207,13,51,172,low,0.0817,176.5844,0.1157,0.1134,0.3992,0.3567,0.0706,0,0,0.4559,55.9141,0.0909,0.0891,1,13,44,True,,carry_disp,0.1156
sub1_plasticbox_043.pt,plasticbox,184,8,39,146,low,0.0631,0.0,0.1138,0.1115,0.369,0.3178,0.0617,0,0,0.4944,40.2678,0.0265,0.0903,1,15,37,True,,carry_disp,0.1139
sub1_plasticbox_044.pt,plasticbox,196,9,32,157,low,0.0263,0.0,0.118,0.1157,0.3677,0.3249,0.0633,0,0,0.5,37.4126,0.0592,0.102,1,15,31,True,,carry_disp,0.118
sub1_plasticbox_045.pt,plasticbox,191,14,34,152,low,0.0309,139.2218,0.1135,0.1112,0.3451,0.3405,0.0672,0,0,0.5197,5.4965,0.0673,0.0945,1,14,27,True,,carry_disp,0.1134
sub1_plasticbox_046.pt,plasticbox,197,15,36,165,low,0.2409,230.3082,0.113,0.1107,0.3679,0.3535,0.1113,0,0,0.4302,3.5068,0.1144,0.0616,1,16,30,True,,carry_disp,0.1132
sub1_plasticbox_047.pt,plasticbox,193,14,37,158,low,0.431,50.5763,0.1161,0.1138,0.3648,0.3447,0.1028,0,1,0.4529,33.9272,0.0838,0.0987,1,14,30,True,,carry_disp,0.115
sub1_plasticbox_048.pt,plasticbox,203,16,40,164,low,0.1378,42.2028,0.1125,0.1102,0.3412,0.2923,0.0598,0,0,0.4979,37.009,0.0498,0.0822,1,16,32,True,,carry_disp,0.1122
sub1_plasticbox_049.pt,plasticbox,204,16,41,167,low,0.0298,159.0699,0.1119,0.1096,0.3825,0.3242,0.0487,0,0,0.4891,162.823,0.1049,0.1219,1,15,32,True,,carry_disp,0.1116
sub1_plasticbox_062.pt,plasticbox,,,,,,,,,,,,,,,,,,,,,,,,no_lift,
sub1_plasticbox_063.pt,plasticbox,,,,,,,,,,,,,,,,,,,,,,,,no_lift,
sub1_plasticbox_064.pt,plasticbox,,,,,,,,,,,,,,,,,,,,,,,,no_lift,
sub1_plasticbox_065.pt,plasticbox,,,,,,,,,,,,,,,,,,,,,,,,no_lift,
sub1_plasticbox_066.pt,plasticbox,,,,,,,,,,,,,,,,,,,,,,,,no_lift,
sub1_plasticbox_067.pt,plasticbox,,,,,,,,,,,,,,,,,,,,,,,,no_lift,
sub1_plasticbox_068.pt,plasticbox,,,,,,,,,,,,,,,,,,,,,,,,no_lift,
sub1_plasticbox_069.pt,plasticbox,,,,,,,,,,,,,,,,,,,,,,,,no_lift,
sub1_plasticbox_070.pt,plasticbox,,,,,,,,,,,,,,,,,,,,,,,,no_lift,
sub1_plasticbox_071.pt,plasticbox,189,23,47,155,low,1.8882,59.6105,0.1157,0.1134,0.3647,0.3134,0.3175,1,2,0.4485,18.2987,0.1289,0.1033,1,17,33,True,,carry_disp,0.1155
sub1_plasticbox_072.pt,plasticbox,194,16,35,158,low,2.3113,129.4869,0.1136,0.1113,0.3658,0.3187,0.4703,3,3,0.4602,50.1041,0.0992,0.1393,1,12,25,True,,carry_disp,0.1138
sub1_plasticbox_073.pt,plasticbox,175,11,29,136,low,2.2543,70.8102,0.1148,0.1125,0.3818,0.3467,0.4195,3,2,0.4917,9.1359,0.0961,0.1107,1,14,25,True,,carry_disp,0.1133
sub1_plasticbox_074.pt,plasticbox,178,11,28,143,low,2.2141,96.626,0.1108,0.1085,0.3559,0.3228,0.376,3,2,0.4821,45.6022,0.0546,0.1074,1,13,23,True,,carry_disp,0.1135
sub1_plasticbox_075.pt,plasticbox,194,16,33,160,low,2.3307,96.662,0.1143,0.112,0.3371,0.3152,0.4072,3,2,0.4983,16.7211,0.1083,0.0919,1,16,27,True,,carry_disp,0.1121
sub1_plasticbox_077.pt,plasticbox,,,,,,,,,,,,,,,,,,,,,,,,grasp_airborne,
sub1_plasticbox_080.pt,plasticbox,206,20,40,172,low,2.0814,137.6514,0.1146,0.1123,0.3224,0.2898,0.4126,3,4,0.5138,14.8982,0.0701,0.0873,1,14,27,True,,carry_disp,0.1149
sub1_plasticbox_081.pt,plasticbox,,,,,,,,,,,,,,,,,,,,,,,,no_lift,
sub1_plasticbox_082.pt,plasticbox,,,,,,,,,,,,,,,,,,,,,,,,no_lift,
sub1_plasticbox_083.pt,plasticbox,,,,,,,,,,,,,,,,,,,,,,,,no_lift,
sub1_plasticbox_084.pt,plasticbox,,,,,,,,,,,,,,,,,,,,,,,,no_lift,
sub1_plasticbox_085.pt,plasticbox,,,,,,,,,,,,,,,,,,,,,,,,no_lift,
sub1_plasticbox_086.pt,plasticbox,,,,,,,,,,,,,,,,,,,,,,,,no_lift,
sub1_plasticbox_087.pt,plasticbox,,,,,,,,,,,,,,,,,,,,,,,,no_lift,
sub1_plasticbox_088.pt,plasticbox,,,,,,,,,,,,,,,,,,,,,,,,no_lift,
sub1_plasticbox_089.pt,plasticbox,,,,,,,,,,,,,,,,,,,,,,,,no_lift,
sub1_plasticbox_090.pt,plasticbox,,,,,,,,,,,,,,,,,,,,,,,,no_lift,
sub5_plasticbox_000.pt,plasticbox,,,,,,,,,,,,,,,,,,,,,,,,no_lift,
sub5_plasticbox_001.pt,plasticbox,,,,,,,,,,,,,,,,,,,,,,,,no_lift,
sub5_plasticbox_003.pt,plasticbox,,,,,,,,,,,,,,,,,,,,,,,,no_lift,
sub5_plasticbox_004.pt,plasticbox,,,,,,,,,,,,,,,,,,,,,,,,no_lift,
sub5_plasticbox_005.pt,plasticbox,,,,,,,,,,,,,,,,,,,,,,,,no_lift,
sub5_plasticbox_019.pt,plasticbox,228,43,67,227,,2.426,84.7944,1.2837,1.2814,0.3859,0.3288,0.3501,3,3,0.4838,8.0595,0.1761,0.0,1,0,13,,,carry_disp,0.1127
sub5_plasticbox_020.pt,plasticbox,202,59,85,201,,1.5373,33.1202,1.3458,1.3435,0.3253,0.292,0.3264,2,3,0.4687,0.4289,0.1978,0.0,1,0,17,,,fit_p95,0.1143
sub5_plasticbox_021.pt,plasticbox,210,76,101,209,,1.4532,28.6244,1.3031,1.3008,0.3434,0.2483,0.341,2,3,0.4385,1.8522,0.2547,0.0,1,0,16,,0.8204,,0.1112
sub5_plasticbox_022.pt,plasticbox,210,61,85,209,,1.8003,45.2039,1.3504,1.3481,0.3394,0.2634,0.3451,3,2,0.4484,15.2745,0.3775,0.0,1,0,14,,,carry_disp,0.112
sub5_plasticbox_023.pt,plasticbox,234,76,98,233,,2.2707,45.4602,1.4611,1.4588,0.2611,0.2151,0.451,3,3,0.422,4.7647,0.3061,0.0,1,0,12,,,carry_disp,0.1153
sub5_plasticbox_024.pt,plasticbox,260,32,56,232,low,0.442,12.4345,0.1114,0.1091,0.3182,0.2809,0.0933,1,1,0.5106,9.8504,0.1054,0.0909,1,15,30,True,,carry_disp,0.1118
sub5_plasticbox_025.pt,plasticbox,240,15,48,210,low,0.0854,0.0,0.1206,0.1183,0.3549,0.2385,0.0835,0,0,0.5744,14.4159,0.0329,0.0305,1,16,40,True,,carry_disp,0.1205
sub5_plasticbox_026.pt,plasticbox,248,22,52,223,low,0.8241,39.7849,0.1154,0.1131,0.3923,0.3262,0.1296,1,2,0.5251,12.0769,0.0671,0.1553,1,15,37,True,,fit_p95,0.1152
sub5_plasticbox_027.pt,plasticbox,278,4,46,247,low,0.641,70.6615,0.1146,0.1123,0.3056,0.2706,0.1058,2,2,0.5229,14.3656,0.0126,0.0719,1,18,49,True,,carry_disp,0.1148
sub5_plasticbox_028.pt,plasticbox,278,18,43,250,low,0.4302,134.4777,0.1144,0.1121,0.3493,0.2919,0.1031,1,1,0.5065,0.8449,0.0433,0.0414,1,15,32,True,,carry_disp,0.1147
sub5_plasticbox_029.pt,plasticbox,254,16,44,231,low,0.7261,55.8223,0.1178,0.1155,0.3157,0.2115,0.133,2,1,0.5062,13.6638,0.0584,0.1158,1,13,32,True,,carry_disp,0.1177
sub5_plasticbox_030.pt,plasticbox,,,,,,,,,,,,,,,,,,,,,,,,no_lift,
sub5_plasticbox_036.pt,plasticbox,,,,,,,,,,,,,,,,,,,,,,,,no_lift,
sub5_plasticbox_037.pt,plasticbox,,,,,,,,,,,,,,,,,,,,,,,,no_lift,
sub5_plasticbox_038.pt,plasticbox,,,,,,,,,,,,,,,,,,,,,,,,no_lift,
sub5_plasticbox_039.pt,plasticbox,,,,,,,,,,,,,,,,,,,,,,,,no_lift,
sub5_plasticbox_040.pt,plasticbox,,,,,,,,,,,,,,,,,,,,,,,,no_lift,
sub5_plasticbox_041.pt,plasticbox,,,,,,,,,,,,,,,,,,,,,,,,no_lift,
sub5_plasticbox_043.pt,plasticbox,318,5,38,317,high,2.0469,146.0397,0.7767,0.7744,0.2906,0.2527,0.224,2,6,0.3993,25.8731,0.0038,0.0,1,0,22,,,carry_disp,0.1276
sub5_plasticbox_044.pt,plasticbox,131,11,30,130,,2.7386,47.8574,1.0394,1.0371,0.3636,0.2845,0.7115,3,3,0.4455,18.8871,0.1787,0.0,1,0,12,,,carry_disp,0.116
sub5_plasticbox_045.pt,plasticbox,209,11,37,208,mid,2.7689,108.9742,0.5015,0.4992,0.3226,0.2825,0.425,5,4,0.5673,33.2881,0.0134,0.0,1,0,16,,,carry_disp,0.1219
sub5_plasticbox_047.pt,plasticbox,,,,,,,,,,,,,,,,,,,1,,,,,post_relift,
sub5_plasticbox_047.pt,plasticbox,365,219,241,364,,1.4086,50.8437,1.2502,1.2479,0.2546,0.2219,0.3069,3,3,0.4621,11.687,1.1812,0.0,1,0,13,,,straightness,0.116
sub5_plasticbox_048.pt,plasticbox,,,,,,,,,,,,,,,,,,,,,,,,no_lift,
sub5_plasticbox_048.pt,plasticbox,,,,,,,,,,,,,,,,,,,,,,,,no_lift,
sub5_plasticbox_050.pt,plasticbox,,,,,,,,,,,,,,,,,,,,,,,,no_lift,
sub5_plasticbox_050.pt,plasticbox,,,,,,,,,,,,,,,,,,,,,,,,no_lift,
sub5_plasticbox_051.pt,plasticbox,,,,,,,,,,,,,,,,,,,,,,,,no_lift,
sub5_plasticbox_052.pt,plasticbox,,,,,,,,,,,,,,,,,,,,,,,,no_lift,
sub8_plasticbox_000.pt,plasticbox,,,,,,,,,,,,,,,,,,,,,,,,no_lift,
sub8_plasticbox_001.pt,plasticbox,,,,,,,,,,,,,,,,,,,,,,,,no_lift,
sub8_plasticbox_002.pt,plasticbox,,,,,,,,,,,,,,,,,,,,,,,,no_lift,
sub8_plasticbox_004.pt,plasticbox,,,,,,,,,,,,,,,,,,,,,,,,no_lift,
sub8_plasticbox_005.pt,plasticbox,,,,,,,,,,,,,,,,,,,,,,,,no_lift,
sub8_plasticbox_018.pt,plasticbox,,,,,,,,,,,,,,,,,,,,,,,,grasp_airborne,
sub8_plasticbox_019.pt,plasticbox,176,72,86,175,,1.6375,40.6622,1.586,1.5837,0.3493,0.2953,0.3758,1,2,0.4406,6.8397,0.76,0.0,1,0,9,,,fit_p95,0.1133
sub8_plasticbox_020.pt,plasticbox,190,84,99,189,,1.5264,61.3814,1.5665,1.5642,0.3437,0.2964,0.4411,2,2,0.4268,42.06,0.6237,0.0,1,0,9,,,straightness,0.1124
sub8_plasticbox_021.pt,plasticbox,174,68,85,173,,0.965,47.2957,1.5562,1.5539,0.363,0.3109,0.2841,1,2,0.4266,1.6392,0.2434,0.0,1,0,10,,,straightness,0.113
sub8_plasticbox_022.pt,plasticbox,171,57,71,170,,1.8954,59.5202,1.5189,1.5166,0.3624,0.3498,0.3494,3,2,0.3811,2.7657,0.3047,0.0,1,0,8,,,carry_disp,0.1141
sub8_plasticbox_023.pt,plasticbox,202,92,106,201,,1.1808,58.3593,1.4465,1.4442,0.3707,0.355,0.3174,2,2,0.4045,12.2438,0.4295,0.0,1,0,8,,,straightness,0.1121
sub8_plasticbox_024.pt,plasticbox,159,60,76,158,,1.2754,60.2078,1.4502,1.4479,0.3737,0.3148,0.233,0,1,0.4116,12.6043,0.1409,0.0,1,0,9,,,straightness,0.1143
sub8_plasticbox_027.pt,plasticbox,,,,,,,,,,,,,,,,,,,,,,,,grasp_airborne,
sub8_plasticbox_029.pt,plasticbox,,,,,,,,,,,,,,,,,,,,,,,,grasp_airborne,
sub8_plasticbox_038.pt,plasticbox,,,,,,,,,,,,,,,,,,,,,,,,no_lift,
sub8_plasticbox_039.pt,plasticbox,,,,,,,,,,,,,,,,,,,,,,,,no_lift,
sub8_plasticbox_040.pt,plasticbox,,,,,,,,,,,,,,,,,,,,,,,,no_lift,
sub8_plasticbox_041.pt,plasticbox,,,,,,,,,,,,,,,,,,,,,,,,no_lift,
sub8_plasticbox_042.pt,plasticbox,,,,,,,,,,,,,,,,,,,,,,,,no_lift,
sub8_plasticbox_043.pt,plasticbox,,,,,,,,,,,,,,,,,,,,,,,,no_lift,
sub8_plasticbox_048.pt,plasticbox,150,0,12,106,low,1.3045,97.8194,0.1173,0.115,0.3629,0.3604,0.3217,2,2,0.4713,3.1881,0.0,0.127,1,15,21,True,,straightness,0.1168
sub8_plasticbox_050.pt,plasticbox,,,,,,,,,,,,,,,,,,,,,,,,no_lift,
sub8_plasticbox_051.pt,plasticbox,,,,,,,,,,,,,,,,,,,,,,,,no_lift,
sub8_plasticbox_051.pt,plasticbox,,,,,,,,,,,,,,,,,,,,,,,,no_lift,
sub8_plasticbox_052.pt,plasticbox,,,,,,,,,,,,,,,,,,,,,,,,no_lift,
sub8_plasticbox_052.pt,plasticbox,,,,,,,,,,,,,,,,,,,,,,,,no_lift,
sub8_plasticbox_053.pt,plasticbox,,,,,,,,,,,,,,,,,,,,,,,,no_lift,
sub8_plasticbox_053.pt,plasticbox,,,,,,,,,,,,,,,,,,,,,,,,no_lift,
sub8_plasticbox_054.pt,plasticbox,,,,,,,,,,,,,,,,,,,,,,,,no_lift,
sub8_plasticbox_054.pt,plasticbox,,,,,,,,,,,,,,,,,,,,,,,,no_lift,
sub8_plasticbox_055.pt,plasticbox,,,,,,,,,,,,,,,,,,,,,,,,no_lift,
sub8_plasticbox_055.pt,plasticbox,,,,,,,,,,,,,,,,,,,,,,,,no_lift,
